Time_us,Sample
352,2273
2360,2186
4252,2129
6056,2231
7952,1960
9764,2138
11660,2164
13752,2177
15852,1955
17952,1871
20052,2250
22152,1977
24156,2068
26264,2168
28264,2117
30360,1941
32456,1986
34564,1929
36660,1965
38760,2197
40760,2207
42856,1799
44952,1944
47052,1943
49160,2032
51260,1969
53360,2256
55460,2044
57464,1963
59564,2225
61660,2217
63760,2008
65856,2045
67860,1872
69956,2191
72056,1978
74060,2150
76156,1960
78252,2074
80356,2177
82456,1982
84556,2268
86556,1980
88652,2216
90756,1965
92856,1987
94956,1930
96960,2105
99056,2105
101060,1980
103264,2273
105652,2225
107864,2148
110164,1955
112460,2068
114764,1965
117064,2184
119360,1914
121660,1912
123964,1882
126160,1964
128364,2136
130660,1787
132960,2188
135352,2210
137560,1962
139852,1962
142140,1968
144368,2049
146752,1977
149056,2012
151352,2020
153560,2231
155952,1987
158252,2107
160552,2054
162840,2150
165064,2172
167360,1990
169656,1896
171860,2080
174164,1890
176456,2095
178752,2134
181056,2224
183360,2230
185652,1824
187868,2258
190164,1868
192464,1904
194840,1949
197064,2162
199364,1946
201660,2192
203968,2174
206256,2185
208556,2109
210856,1952
213160,1847
215452,2003
217668,1969
219964,1922
222340,1944
224640,1974
226864,2064
229164,1881
231464,2212
233764,2084
236060,1950
238360,1975
240656,1955
242956,2124
245164,2259
247460,2167
249760,1872
252064,1948
254364,2151
256660,2211
258960,1955
261252,2183
263552,1878
265852,1932
268152,2140
270368,2269
272664,1815
274960,2139
277260,2234
279564,1928
281856,2232
284156,2185
286456,2041
288756,2199
291052,2134
293352,1939
295560,2138
297860,2064
300160,2162
302452,1953
304752,2184
307052,2008
309360,2132
311660,1889
313952,2238
316252,1904
318564,1911
320856,1973
323152,1883
325360,2181
327660,2019
329956,2161
332160,1868
334440,1968
336664,1903
339052,1990
341340,2137
343640,2000
345868,1984
348256,2094
350552,2243
352856,2191
355156,1936
357460,2291
359752,2155
362056,1946
364356,1972
366660,2233
368964,1980
371252,2065
373552,1808
375860,2115
378152,2143
380452,1963
382752,2153
385060,1898
387352,2024
389652,2087
391940,1822
394248,1875
396556,1916
398860,2195
401164,1890
403452,2082
405740,1998
408052,2200
410352,1949
412568,1885
414956,2026
417252,2176
419556,2104
421856,2238
424152,1986
426452,2031
428740,1853
431052,2078
433356,1895
435656,2030
437960,2035
440164,2197
442552,1917
444852,2215
447152,2259
449456,2223
451764,2256
454056,1929
456356,1970
458656,2195
460952,2234
463252,2120
465552,2052
467852,2195
470160,2105
472464,1960
474756,2084
477056,1960
479364,1904
481656,2138
483956,1817
486256,1898
488564,2077
490856,1904
493156,2209
495456,1974
497764,2218
500056,2071
502356,2224
504656,1919
506964,1979
509260,1968
511560,1955
513864,2229
516160,2002
518460,2003
520760,2280
522964,1929
525264,2255
527652,1888
529952,2138
532252,2185
534556,2241
536860,1900
539064,1886
541364,2132
543660,1880
545964,1949
548264,1964
550560,1950
552860,2138
555160,2106
557452,2128
559752,1960
562056,1923
564364,2149
566652,2143
568952,2049
571252,2242
573468,2135
575764,1899
578064,1930
580364,2178
582668,1966
584956,1997
587256,1988
589560,2164
591860,1822
594156,1954
596364,2220
598664,1956
600960,2184
603264,1973
605564,2059
607864,1940
610164,1974
612556,2166
614856,1951
617064,1863
619360,2086
621668,1991
623956,1965
626260,2055
628540,1856
630848,2018
633160,2029
635368,1954
637740,2000
640060,1901
642356,1955
644564,1941
646864,2207
649160,1942
651468,2213
653664,2222
655960,1816
658260,1946
660564,2231
662864,1935
665160,1939
667460,2218
669668,1945
672056,2145
674356,1955
676656,2129
678960,2245
681252,1888
683552,1883
685852,2167
688156,1955
690456,2154
692664,1951
694964,1792
697264,1833
699640,1973
701940,1873
704252,1937
706540,1885
708856,1945
711160,1949
713460,1889
715752,1969
718052,1937
720352,2044
722652,1947
724952,1937
727260,2214
729560,1973
731856,2061
734156,1806
736452,1856
738756,2031
741056,2202
743356,2116
745668,1969
747956,1970
750256,2205
752556,1957
754856,2186
757160,1959
759452,2013
761752,2045
764060,1912
766364,2000
768656,1802
770956,2208
773252,2124
775552,2149
777852,2272
780152,2019
782464,1964
784752,2059
787056,2075
789356,2255
791664,2190
793956,2003
796164,2248
798460,2149
800760,1902
803056,2139
805356,2158
807656,2135
809960,2096
812256,1947
814556,2218
816860,1959
819160,2197
821460,1945
823752,2128
826052,1935
828340,1935
830656,2151
832956,2021
835256,2223
837556,2200
839852,1994
842152,2208
844456,2206
846756,1918
849064,2047
851352,2013
853652,2109
855956,1879
858252,1929
860540,1882
862768,2137
865068,2014
867456,1884
869756,1846
871964,1943
874260,2069
876564,2181
878856,2242
881156,1946
883456,2149
885756,2001
888056,2026
890356,1784
892656,2234
894864,1988
897252,2140
899552,2234
901856,1899
904156,1942
906452,2001
908752,1996
910960,2115
913260,1771
915568,2011
917856,2002
920156,2046
922456,1955
924764,2032
927052,2291
929356,1835
931656,1898
933864,1895
936252,1894
938460,2184
940760,1931
943060,1881
945356,1988
947564,1874
949860,1920
952160,1990
954540,2101
956668,2135
959052,1999
961352,2185
963660,1963
965952,2000
968252,2033
970552,2195
972760,1961
975152,1942
977452,2145
979660,1973
981960,1833
984256,2011
986556,1886
988764,1974
991060,1999
993364,2065
995664,2137
997964,2189
1000264,1904
1002764,2211
1005252,1941
1007764,1879
1010256,2139
1012760,2125
1015264,2024
1017764,2138
1020264,2233
1022764,1955
1025264,2193
1027764,2237
1030356,2163
1032860,2228
1035356,1983
1037860,1924
1040360,1827
1042856,1848
1045356,1976
1047852,1882
1050260,1893
1052764,2140
1055352,2066
1057860,1948
1060360,2176
1062864,1972
1065360,1812
1067860,1890
1070360,1982
1072764,2172
1075356,1856
1077764,1941
1080264,2189
1082764,1886
1085252,2043
1087752,2032
1090160,2194
1092752,1941
1095160,2085
1097660,2104
1100252,1878
1102756,2104
1105256,2258
1107668,2192
1110260,1883
1112752,2201
1115264,2210
1117756,1899
1120264,2247
1122764,1894
1125352,2220
1127860,2165
1130364,2245
1132860,2207
1135360,2162
1137952,2155
1140456,1966
1142952,1973
1145364,1962
1147864,2200
1150456,2218
1152960,2195
1155460,1970
1157960,1945
1160468,1955
1163052,1955
1165552,1977
1168056,1898
1170552,2110
1172964,2177
1175464,1977
1177960,2134
1180460,2169
1183052,2185
1185556,2235
1188056,1992
1190464,1885
1193056,1996
1195468,2209
1197960,1944
1200552,2129
1203056,2004
1205556,2040
1207964,1937
1210464,1963
1212964,2138
1215452,1963
1217964,1985
1220456,2105
1222860,2116
1225364,2160
1227952,1886
1230364,1947
1232948,2076
1235368,2096
1237952,1898
1240460,1907
1242964,1945
1245460,2134
1247964,2108
1250460,1862
1252964,2071
1255460,1828
1257964,2154
1260464,2200
1262964,2209
1265464,1864
1267964,2160
1270464,2142
1273056,2201
1275560,1918
1278060,1810
1280564,2131
1283052,1953
1285560,2221
1288064,1989
1290560,1861
1293060,2162
1295568,2180
1298152,2252
1300564,2232
1303152,1998
1305660,1888
1308164,1870
1310664,1968
1313164,2204
1315656,1883
1318164,1982
1320664,1955
1323164,2194
1325652,1934
1328164,2171
1330664,2239
1333156,1896
1335664,2235
1338164,1947
1340660,1928
1343164,2058
1345660,1979
1348160,1911
1350752,2150
1353164,2195
1355664,1986
1358256,1997
1360664,2211
1363252,1883
1365756,2193
1368256,1897
1370664,2184
1373156,2150
1375664,1893
1378152,2244
1380652,2128
1383156,1970
1385656,1982
1388156,1926
1390664,2070
1393156,2071
1395656,2111
1398164,1970
1400656,2257
1403160,1926
1405664,1860
1408252,1991
1410756,1901
1413256,2287
1415760,1937
1418164,2118
1420760,1935
1423260,2035
1425760,1950
1428260,2172
1430856,2181
1433264,2215
1435860,1968
1438352,1902
1440760,2258
1443352,1919
1445760,1790
1448352,2207
1450760,1896
1453352,1965
1455856,2098
1458352,2137
1460860,1908
1463368,1960
1465860,2082
1468360,1969
1470856,1953
1473264,1944
1475764,2085
1478264,1801
1480852,1947
1483356,1919
1485764,1840
1488356,2075
1490768,2242
1493264,2194
1495852,2197
1498352,1808
1500856,2144
1503352,1984
1505856,2221
1508340,2222
1510860,1940
1513360,2185
1515860,2127
1518360,1916
1520860,1918
1523352,1982
1525864,2078
1528356,1915
1530856,1988
1533364,1942
1535952,2171
1538464,1944
1540956,2144
1543464,1895
1545964,2053
1548556,2244
1550968,1977
1553560,2224
1556064,1948
1558564,1969
1561064,2013
1563568,2167
1566064,2246
1568652,2004
1571140,2014
1573656,1987
1576156,2139
1578564,1937
1581160,1869
1583640,2222
1586156,1963
1588652,1973
1591156,2213
1593656,2145
1596156,2191
1598752,1976
1601160,1859
1603664,2200
1606252,2155
1608660,1936
1611252,2192
1613756,2117
1616264,2079
1618756,2208
1621264,2263
1623764,2048
1626356,2193
1628860,1938
1631356,1928
1633860,1861
1636452,2143
1638860,1977
1641360,1894
1643940,1919
1646356,1912
1648864,1884
1651364,1910
1653956,1950
1656364,1946
1658864,1811
1661456,1961
1663960,2006
1666456,1896
1668956,1960
1671464,1932
1673964,1858
1676552,1945
1678960,2122
1681552,1852
1683960,1999
1686460,2173
1689052,1935
1691456,2180
1693964,1900
1696456,2208
1698964,1791
1701456,1999
1703960,2247
1706464,1910
1708956,2199
1711464,2225
1713964,1889
1716464,2027
1718952,1945
1721452,1919
1723956,2174
1726368,1978
1728864,1793
1731364,2268
1733860,2209
1736352,1925
1738864,2197
1741356,2235
1743856,1937
1746360,2118
1748864,1932
1751456,1959
1753864,2251
1756360,2105
1758864,2127
1761364,2200
1763864,2163
1766364,2030
1768956,2112
1771368,2017
1773864,1981
1776452,2233
1778868,1977
1781456,1822
1783952,2070
1786456,2064
1788868,2206
1791364,1775
1793952,2154
1796452,2244
1798956,2172
1801452,1953
1803956,2243
1806456,1936
1808864,1953
1811368,1987
1813864,1867
1816452,2125
1818864,1972
1821452,2255
1823952,2234
1826456,2163
1828968,1975
1831460,2167
1833960,1928
1836456,2220
1838956,1903
1841540,1945
1844056,2080
1846552,2174
1848960,1903
1851468,1968
1854052,1837
1856460,1990
1859052,1949
1861556,2113
1864052,2040
1866556,1942
1869056,2024
1871464,1998
1874056,1932
1876560,2132
1879152,2069
1881560,1944
1884064,2003
1886564,1940
1889064,1793
1891560,1959
1894064,1955
1896564,1944
1899064,2227
1901656,1992
1904160,1880
1906652,2254
1909140,1941
1911560,2081
1914152,1951
1916564,2245
1919064,1940
1921640,2136
1924056,2196
1926564,2259
1929068,1897
1931564,1907
1934152,1922
1936652,2147
1939060,1889
1941652,2253
1944156,1988
1946568,1954
1949064,1878
1951652,2114
1954152,1862
1956656,2285
1959156,1980
1961564,2253
1964064,2216
1966568,1889
1969160,2060
1971660,1883
1974164,1931
1976660,2027
1979160,1982
1981752,1964
1984160,2011
1986752,1908
1989160,1952
1991660,1968
1994256,2165
1996664,1981
1999164,1962
2001752,1920
2004168,1935
2006656,2029
2009164,1980
2011652,1947
2014156,1969
2016656,1989
2019156,2233
2021656,2020
2024064,2208
2026656,1864
2029160,1986
2031752,2116
2034164,2249
2036664,2259
2039260,1971
2041760,2183
2044260,2132
2046760,2048
2049260,2178
2051752,1989
2054260,2063
2056752,2049
2059252,2209
2061668,1825
2064252,1884
2066740,1895
2069156,1949
2071664,2143
2074164,1952
2076656,2296
2079152,1973
2081560,1983
2084152,2093
2086560,2161
2089140,1964
2091652,1958
2094060,2098
2096556,1979
2099056,1902
2101652,1992
2104156,1972
2106652,2181
2109064,2141
2111656,1937
2114064,1957
2116648,2069
2119068,1989
2121652,1899
2124140,1951
2126656,1956
2129156,2124
2131564,1868
2134156,2161
2136564,1837
2139056,2010
2141564,2151
2144064,2150
2146564,1980
2149064,2233
2151564,1982
2154064,2196
2156660,2192
2159160,2084
2161752,1974
2164164,2002
2166664,2171
2169256,2172
2171668,1926
2174164,1940
2176664,1952
2179256,1855
2181664,2016
2184248,2076
2186668,2156
2189156,1947
2191652,2137
2194160,1934
2196656,2038
2199160,2258
2201752,1971
2204160,1922
2206660,2238
2209252,1929
2211756,2206
2214256,1816
2216756,2135
2219352,1974
2221856,1873
2224356,2250
2226768,2021
2229360,1968
2231864,2035
2234356,2136
2236868,2255
2239356,2238
2241952,1938
2244456,1800
2246956,1981
2249364,2087
2251952,1913
2254368,1963
2256856,2199
2259364,1952
2261864,1991
2264360,2198
2266860,1935
2269452,2183
2271860,1915
2274452,1960
2276956,1825
2279368,1894
2281864,2183
2284356,1870
2286864,2134
2289452,2136
2291952,2064
2294360,2136
2296952,2216
2299456,2036
2301968,2197
2304460,1857
2306960,2216
2309552,2201
2311964,1891
2314460,1989
2316964,1789
2319460,2049
2321964,1957
2324456,1975
2326964,1944
2329456,2065
2331964,1948
2334540,2215
2336968,2212
2339552,1923
2342040,2010
2344556,1938
2346964,2025
2349464,2143
2352052,2064
2354560,1969
2357052,2069
2359552,1897
2361964,2277
2364552,1924
2366964,2236
2369456,1989
2371964,2185
2374552,1956
2377052,1922
2379556,2196
2382056,2051
2384464,2188
2387056,2018
2389560,1944
2392056,1938
2394564,1929
2397056,2197
2399564,1960
2402152,1949
2404652,2030
2407064,2188
2409652,2163
2412156,2163
2414568,2170
2417064,1979
2419652,1923
2422160,2162
2424660,1944
2427160,2137
2429652,2113
2432152,2060
2434656,1947
2437064,1937
2439564,2221
2442152,2093
2444664,1978
2447156,1825
2449668,2200
2452252,1942
2454756,2184
2457168,2030
2459764,1951
2462252,1989
2464660,1996
2467156,2074
2469660,2231
2472252,1868
2474756,2161
2477256,2228
2479664,2142
2482260,1994
2484764,1994
2487252,2164
2489764,2243
2492264,2076
2494764,1995
2497256,1965
2499764,1969
2502264,1952
2504856,2182
2507264,2149
2509860,1966
2512360,2149
2514864,2137
2517364,1970
2519952,1901
2522452,2159
2524960,2265
2527456,1910
2529960,2015
2532460,2110
2534952,1791
2537456,2192
2539956,2216
2542460,1950
2545052,1959
2547464,2027
2549960,2180
2552452,1958
2554964,1935
2557456,1947
2559960,1918
2562460,2139
2564960,1942
2567468,1888
2569956,2115
2572460,2116
2574964,2040
2577552,1986
2579964,1937
2582468,2132
2584964,1991
2587464,1950
2589964,1914
2592464,2226
2595056,1892
2597560,1964
2600060,2036
2602560,2000
2605152,2161
2607560,2099
2610064,1943
2612656,1954
2615064,1990
2617564,1993
2620064,2239
2622660,1990
2625164,1962
2627752,1947
2630160,1960
2632664,1974
2635252,2255
2637664,1897
2640256,2173
2642760,2080
2645256,1946
2647756,1997
2650268,2060
2652756,2174
2655264,2146
2657852,2269
2660360,2200
2662864,1917
2665352,1950
2667852,2228
2670356,1906
2672856,2237
2675360,2020
2677868,2130
2680356,2211
2682860,1952
2685356,2155
2687764,2139
2690264,1983
2692840,2246
2695360,2130
2697860,2239
2700452,1975
2702864,2145
2705356,1944
2707864,1965
2710364,2201
2712860,1974
2715352,1895
2717852,1949
2720356,1963
2722864,2062
2725356,2012
2727856,1907
2730364,2072
2732856,2102
2735364,1949
2737864,2104
2740364,1969
2742864,1976
2745360,1784
2747864,2017
2750364,1941
2752956,2188
2755364,2024
2757860,1906
2760364,2096
2762956,1981
2765460,2037
2767968,1941
2770460,2185
2772960,1935
2775552,1944
2778056,1909
2780556,2068
2782964,1938
2785464,1966
2787964,1942
2790460,1878
2792960,1985
2795464,1920
2798056,2125
2800468,1969
2802964,2255
2805452,2145
2807952,1975
2810360,1980
2812864,1951
2815360,2061
2817864,2058
2820456,2146
2822960,2236
2825456,1884
2827864,2221
2830456,2233
2832960,1966
2835540,1927
2837960,2202
2840460,2060
2843052,1972
2845556,1963
2848056,2226
2850556,2164
2853056,2080
2855464,2229
2857964,1945
2860464,2115
2863052,2127
2865564,1994
2868056,1883
2870564,2010
2873064,1958
2875652,2272
2878064,2065
2880560,2139
2882968,1904
2885552,2155
2888060,1894
2890552,2228
2893052,2163
2895556,2212
2898056,1881
2900556,1892
2902964,2138
2905464,1959
2908052,2099
2910552,1811
2912964,1975
2915460,2176
2917952,1990
2920364,1959
2922956,2138
2925368,2082
2927864,1986
2930452,2164
2932952,2103
2935364,2126
2937956,2206
2940460,1946
2942964,2091
2945452,1957
2947864,1937
2950456,2195
2952960,1931
2955456,1896
2957868,2206
2960356,2252
2962864,1813
2965452,1866
2967960,2065
2970464,2170
2972964,1817
2975464,1970
2977964,1881
2980464,2009
2982960,1939
2985464,2136
2987956,1999
2990464,2027
2993052,1992
2995540,2165
2998052,1956
3000556,1856
3002964,2038
3005460,2130
3007964,2080
3010552,1904
3013064,2063
3015556,2045
3018052,1839
3020464,2102
3023060,2131
3025552,2206
3027964,1987
3030464,1904
3033052,1991
3035564,1826
3038056,2180
3040640,2136
3043060,2151
3045652,1864
3048064,1984
3050656,2054
3053160,2290
3055660,1954
3058152,2136
3060660,1914
3063160,2032
3065660,2148
3068256,2231
3070664,1832
3073164,2209
3075656,2187
3078160,1886
3080664,1915
3083164,1935
3085760,2173
3088260,2215
3090760,1961
3093260,1974
3095852,2152
3098264,1977
3100852,1984
3103260,1870
3105764,1947
3108260,2166
3110760,2225
3113260,1944
3115764,1893
3118356,2171
3120860,1929
3123356,1814
3125860,2029
3128452,1917
3130860,2212
3133364,1970
3135864,1973
3138452,2211
3140956,2133
3143364,1926
3145960,1893
3148464,2192
3150964,1841
3153540,2143
3155960,2190
3158556,1992
3160964,1945
3163464,1874
3165956,1868
3168464,1920
3170956,2084
3173464,1992
3176052,2254
3178564,2227
3181056,2236
3183556,1910
3186152,2132
3188660,2007
3191156,1997
3193660,1977
3196160,2230
3198664,2219
3201168,2207
3203752,1834
3206240,1885
3208752,2022
3211160,1964
3213752,1947
3216256,2227
3218756,2231
3221256,2246
3223764,1889
3226352,1960
3228864,2142
3231364,2266
3233864,1804
3236352,2008
3238760,2227
3241356,1943
3243764,2156
3246360,2056
3248860,1937
3251360,2266
3253864,2218
3256360,2044
3258864,2003
3261356,2181
3263856,1970
3266360,2165
3268856,2064
3271268,2014
3273860,1954
3276356,1959
3278864,1920
3281356,1968
3283852,2221
3286352,2052
3288856,1862
3291356,1872
3293860,1978
3296368,1875
3298856,1949
3301356,1956
3303864,2139
3306452,1956
3308864,2249
3311356,2251
3313856,2152
3316264,1991
3318756,1970
3321264,2186
3323764,2188
3326264,2186
3328756,1962
3331260,2226
3333764,2214
3336260,2130
3338764,1939
3341264,1835
3343764,1859
3346264,1970
3348760,2163
3351264,1898
3353760,2140
3356260,1912
3358852,2158
3361260,1860
3363760,1977
3366352,1977
3368760,1885
3371352,2254
3373856,1981
3376356,1932
3378860,2099
3381356,2133
3383764,2160
3386256,1991
3388764,1893
3391264,1901
3393764,1910
3396264,2225
3398856,2202
3401264,1957
3403856,1938
3406360,1917
3408852,2139
3411340,2235
3413760,1918
3416352,2149
3418764,1890
3421356,1974
3423860,2236
3426452,2134
3428864,1892
3431364,1965
3433956,1795
3436460,2269
3438960,1984
3441460,2132
3444052,1956
3446464,2135
3449052,2091
3451460,2144
3454052,2201
3456556,1962
3458964,1905
3461556,1955
3464060,2191
3466560,2136
3469060,1984
3471652,1970
3474156,1883
3476652,2205
3479160,1945
3481752,1848
3484160,1892
3486660,2041
3489252,2197
3491660,1876
3494156,1962
3496660,2007
3499160,2035
3501664,2212
3504160,1866
3506664,2081
3509164,1955
3511664,1915
3514256,1962
3516756,2153
3519168,1996
3521668,2277
3524252,1952
3526764,1958
3529256,1961
3531664,2199
3534256,1943
3536760,1994
3539256,2202
3541756,1931
3544352,1938
3546760,2180
3549352,2220
3551856,1860
3554368,1930
3556860,1948
3559360,2013
3561952,1913
3564460,1971
3566956,2175
3569460,2154
3572052,2202
3574464,1949
3576960,1868
3579464,2227
3581964,1923
3584552,2163
3587056,1926
3589564,2152
3592056,2214
3594564,2186
3597064,2194
3599564,2125
3602064,2177
3604660,1990
3607068,2186
3609660,1982
3612160,1940
3614660,1906
3617160,1930
3619660,2182
3622156,2060
3624640,1994
3627160,2085
3629664,2255
3632164,2151
3634652,1974
3637160,2066
3639656,1845
3642160,1964
3644752,1795
3647160,1823
3649752,2229
3652160,2138
3654752,2245
3657256,1935
3659668,1969
3662164,2079
3664752,1933
3667252,2117
3669660,1935
3672252,2238
3674760,1965
3677352,2230
3679764,1971
3682256,2249
3684764,2223
3687256,1970
3689752,1895
3692256,1972
3694756,1940
3697164,1998
3699756,2167
3702260,2130
3704764,1981
3707264,1932
3709768,2002
3712264,1921
3714840,1946
3717340,2182
3719856,1951
3722352,1947
3724860,2169
3727368,1946
3729860,2135
3732360,1872
3734952,1907
3737364,1923
3739864,1944
3742440,1875
3744964,1887
3747456,1895
3749864,2040
3752364,2068
3754952,2009
3757460,1943
3759956,2218
3762456,1963
3764868,2136
3767364,1941
3769940,1954
3772460,2246
3774952,1863
3777364,1869
3779860,2254
3782364,2086
3784864,1905
3787452,2152
3789952,2129
3792360,2183
3794864,2293
3797460,1982
3799952,2270
3802452,2065
3804956,1900
3807456,1950
3809960,1959
3812460,2031
3814960,2210
3817456,1968
3819952,1917
3822364,2195
3824864,2165
3827452,1883
3829952,2241
3832456,1889
3835040,1957
3837460,1925
3839964,2029
3842560,2159
3845064,2074
3847564,1895
3850064,1973
3852564,1997
3855064,2224
3857660,2129
3860164,1804
3862660,2208
3865164,1999
3867664,2138
3870240,1870
3872660,1872
3875252,1888
3877760,2229
3880256,2245
3882760,2081
3885352,2232
3887860,2143
3890360,2083
3892864,2214
3895360,1972
3897864,2055
3900356,1977
3902856,2143
3905264,2085
3907764,1972
3910340,1891
3912864,1899
3915356,2196
3917864,2179
3920452,1887
3922860,2064
3925360,1952
3927860,2231
3930360,2120
3932856,2218
3935352,1913
3937856,1993
3940264,2133
3942764,1984
3945264,1930
3947764,1940
3950252,2241
3952764,1959
3955256,2164
3957756,1902
3960352,2143
3962760,2098
3965260,1957
3967764,2198
3970260,1891
3972764,1910
3975360,2044
3977864,1977
3980360,1957
3982852,1979
3985264,1911
3987760,2241
3990264,1952
3992856,2030
3995360,2216
3997860,1984
4000364,1943
4002860,2047
4005364,1971
4007856,1971
4010364,2173
4012864,1913
4015364,2130
4017864,2107
4020360,2203
4022864,2143
4025456,2169
4027864,2081
4030356,1966
4032864,1880
4035452,2175
4037940,1823
4040456,1924
4042956,1894
4045364,1898
4047856,2236
4050364,1950
4052952,2043
4055452,1946
4057860,1989
4060452,2284
4062960,1917
4065460,1977
4067960,2072
4070460,1911
4072952,2006
4075456,1969
4077956,1941
4080460,1925
4082956,1912
4085460,2151
4087960,2220
4090452,1944
4092864,1964
4095364,1977
4097860,2003
4100440,1957
4102856,1805
4105360,2029
4107860,2136
4110368,1924
4112856,1873
4115356,1886
4117864,2147
4120364,2301
4122956,1953
4125364,1862
4127860,2040
4130364,1880
4132856,1896
4135364,2138
4137856,2141
4140260,2250
4142760,2046
4145340,1890
4147760,2133
4150260,2167
4152852,2024
4155356,1896
4157856,1817
4160356,2134
4162860,2188
4165360,1897
4167952,1955
4170360,1913
4172952,1945
4175360,2243
4177860,2194
4180452,2080
4182864,1914
4185360,2133
4187864,2243
4190364,2140
4192864,2018
4195360,1965
4197864,2037
4200364,2185
4202956,1932
4205460,2086
4207956,1949
4210456,1889
4212968,1927
4215552,2259
4218052,1966
4220556,2261
4222968,1894
4225464,1945
4228040,1942
4230464,2135
4233052,2129
4235540,1966
4238052,2175
4240556,2170
4243060,2174
4245652,1944
4248060,1954
4250560,2171
4253056,2085
4255556,2084
4258140,2264
4260656,2146
4263152,1992
4265656,2101
4268152,2214
4270656,1925
4273164,2269
4275656,2089
4278156,1973
4280668,2143
4283252,1973
4285752,1995
4288164,1938
4290752,1830
4293160,2022
4295664,1938
4298256,2038
4300668,2189
4303260,2127
4305764,1975
4308264,1906
4310764,1954
4313360,1966
4315852,1889
4318264,2180
4320852,1962
4323364,1918
4325856,1822
4328264,1967
4330764,2044
4333256,2189
4335756,1963
4338164,2227
4340656,1870
4343240,1978
4345752,1893
4348256,1947
4350664,2136
4353256,1880
4355668,2131
4358260,1973
4360764,2000
4363256,1967
4365764,2073
4368264,2222
4370860,2140
4373364,1898
4375860,2236
4378364,2136
4380864,1959
4383368,2159
4385864,1937
4388440,1972
4390960,1894
4393464,1895
4395956,1989
4398552,2128
4401056,2082
4403556,1902
4406060,1929
4408556,2132
4411060,1953
4413560,1958
4416040,1973
4418552,1846
4421064,1950
4423556,2122
4426064,2005
4428652,2153
4431152,1838
4433660,2209
4436156,2268
4438660,2091
4441252,1947
4443664,1981
4446260,1952
4448764,2252
4451256,1804
4453752,2239
4456164,2221
4458664,2199
4461164,1992
4463664,2139
4466252,2269
4468660,1933
4471252,1887
4473664,1910
4476164,1952
4478656,2192
4481168,1785
4483660,2203
4486164,1969
4488752,2211
4491160,2095
4493656,1930
4496160,1984
4498740,1942
4501256,1873
4503756,2129
4506260,1896
4508668,2138
4511164,1967
4513656,1794
4516164,2206
4518664,1893
4521160,1943
4523664,2111
4526256,1994
4528668,1959
4531260,2215
4533752,2266
4536256,2066
4538756,2231
4541240,1880
4543668,1927
4546256,2235
4548756,2142
4551260,1952
4553852,1876
4556264,1970
4558756,2119
4561256,2230
4563760,2105
4566260,1950
4568764,2207
4571264,1913
4573756,2120
4576264,1872
4578756,2109
4581168,1929
4583664,2236
4586252,2165
4588756,2064
4591164,2107
4593656,2197
4596156,1975
4598564,2152
4601064,1993
4603652,2001
4606164,2153
4608660,2286
4611164,1955
4613668,2002
4616260,1954
4618760,2024
4621252,2205
4623752,1854
4626160,2245
4628752,1972
4631256,1943
4633752,2253
4636260,2237
4638852,2040
4641260,1997
4643760,2227
4646356,1919
4648860,2131
4651360,2016
4653860,1947
4656452,2019
4658956,1930
4661456,2164
4663864,2192
4666460,2227
4668964,2193
4671456,1993
4673952,1957
4676364,2147
4678860,1990
4681356,1961
4683764,2218
4686264,2238
4688852,1865
4691352,2140
4693760,2134
4696352,1945
4698764,2020
4701356,2104
4703860,1987
4706360,1853
4708856,2194
4711268,1950
4713768,1966
4716352,2142
4718856,1977
4721264,1915
4723860,2122
4726364,1917
4728864,2205
4731364,1913
4733960,2173
4736452,2201
4738864,2004
4741360,1956
4743864,2118
4746364,2069
4748952,1921
4751368,1975
4753952,1898
4756364,1972
4758956,1972
4761464,2258
4763964,1894
4766456,1990
4768956,1878
4771460,1895
4773960,2193
4776464,1982
4778956,1985
4781464,1960
4783956,2113
4786552,1975
4788964,2171
4791560,1907
4794064,1927
4796564,2285
4799152,2297
4801656,2178
4804160,2056
4806568,2130
4809064,2138
4811652,2135
4814152,2245
4816656,1876
4819156,1963
4821564,1993
4824160,1864
4826660,2226
4829152,2121
4831664,1917
4834160,1923
4836740,2238
4839256,1946
4841756,2132
4844168,1956
4846760,1940
4849264,1943
4851764,1931
4854340,1897
4856860,1999
4859356,2231
4861840,1954
4864352,2019
4866856,1926
4869352,2107
4871764,2049
4874356,2242
4876764,2182
4879352,1991
4881864,1949
4884356,2138
4886940,1985
4889360,1990
4891860,1914
4894364,2012
4896864,1987
4899368,1882
4901960,2134
4904452,2158
4906864,2164
4909460,2256
4911952,1991
4914456,1965
4916960,2181
4919456,1909
4921864,1925
4924456,2004
4926960,1978
4929464,1884
4931960,2264
4934460,2238
4937056,2185
4939464,1978
4941964,1906
4944452,2066
4946964,1921
4949456,1873
4951960,2194
4954552,1986
4956964,2127
4959556,2131
4962060,1985
4964556,2036
4967060,1932
4969640,2160
4972060,2102
4974560,1971
4977152,1983
4979660,2176
4982156,2007
4984660,1953
4987156,1965
4989660,2126
4992160,2128
4994660,2194
4997160,1954
4999664,1874
5002156,2054
5004664,2183
5007252,2134
5009752,2127
5012164,1901
5014760,2083
5017264,1899
5019764,1979
5022256,1987
5024668,2166
5027168,2191
5029756,2180
5032256,1950
5034664,2139
5037164,1935
5039752,2021
5042164,1930
5044756,2138
5047164,2128
5049664,2133
5052252,2002
5054752,1927
5057164,1944
5059664,2131
5062240,1945
5064660,1918
5067252,2105
5069664,2192
5072164,2199
5074752,1967
5077256,1930
5079664,1934
5082260,2229
5084764,2121
5087264,1979
5089852,1989
5092360,2164
5094856,2040
5097264,2241
5099764,2146
5102256,2207
5104764,2303
5107260,2104
5109768,1912
5112260,1868
5114764,2202
5117360,2200
5119864,1993
5122452,1804
5124956,1967
5127456,1978
5129960,2208
5132456,2160
5134960,1979
5137552,2178
5139960,1966
5142464,2144
5144964,1962
5147464,1976
5149960,2197
5152452,1947
5154952,1917
5157360,2181
5159864,2015
5162456,2141
5164864,1939
5167364,2169
5169852,1941
5172364,1949
5174856,1924
5177364,2178
5179952,2175
5182360,1979
5184952,1977
5187456,2250
5189956,2148
5192460,2164
5195052,1963
5197460,2197
5200052,1953
5202460,1938
5204960,2163
5207552,1886
5209960,2133
5212556,2156
5214968,1930
5217464,2214
5219956,1971
5222364,2168
5224864,2039
5227452,1975
5229960,1889
5232452,2145
5234956,2043
5237364,1927
5239960,1949
5242452,1977
5244864,1942
5247456,2011
5249864,2157
5252360,1878
5254864,2189
5257360,2060
5259864,2194
5262452,2219
5264960,2130
5267464,2125
5269956,1998
5272460,2217
5275052,1894
5277460,2070
5280052,1954
5282552,2146
5285064,1936
5287556,1969
5290064,2204
5292568,1930
5295160,1970
5297664,1880
5300156,2130
5302664,2057
5305156,1846
5307664,2205
5310240,1953
5312752,1962
5315160,2120
5317752,1869
5320160,2217
5322660,1974
5325256,2201
5327664,2246
5330160,2246
5332660,2157
5335252,1877
5337756,2062
5340252,2103
5342660,1978
5345160,2207
5347660,1974
5350164,2206
5352660,1961
5355152,1980
5357564,2013
5360064,2110
5362564,2251
5365064,2251
5367552,1828
5370056,1994
5372464,2125
5374956,1968
5377540,2280
5380052,2208
5382552,1912
5385056,2263
5387556,1905
5389964,1953
5392460,1956
5394964,1938
5397464,1991
5400060,1957
5402540,2298
5405060,2194
5407552,2246
5409968,1962
5412552,2158
5414968,2251
5417456,1808
5419956,2053
5422552,1979
5424960,1973
5427552,1962
5429960,2164
5432552,2085
5435056,2092
5437564,2016
5440056,1963
5442556,2185
5445064,2013
5447556,2143
5450052,1766
5452556,1971
5455056,2173
5457468,1894
5459956,2142
5462456,1939
5464864,1893
5467364,1889
5469864,2195
5472364,2227
5474856,1944
5477264,2158
5479764,1946
5482256,2204
5484764,2103
5487268,1874
5489764,1854
5492268,1935
5494860,2165
5497364,2198
5499856,2162
5502364,2262
5504952,2159
5507452,2204
5509860,2047
5512452,1868
5514864,1966
5517456,1961
5519864,2247
5522440,1972
5524960,1949
5527464,1968
5529964,1951
5532464,2202
5534960,2165
5537464,1880
5539964,2237
5542540,2199
5544960,1902
5547552,1937
5549960,2224
5552556,1869
5554964,1865
5557464,1808
5560052,2129
5562552,1871
5564964,2156
5567464,1865
5570060,2156
5572564,1921
5575064,1945
5577564,1900
5580064,1977
5582652,2237
5585156,2010
5587568,1861
5590160,1903
5592652,2276
5595064,2245
5597656,1943
5600064,2077
5602564,1799
5605064,1984
5607656,2200
5610160,1998
5612660,1974
5615164,1882
5617656,1961
5620164,1942
5622664,2270
5625152,1839
5627564,1910
5630064,1957
5632556,1944
5635056,2275
5637564,2168
5640064,2084
5642560,2200
5645064,1879
5647560,1993
5650064,1909
5652656,1945
5655160,1998
5657640,1899
5660068,2030
5662652,2151
5665164,2247
5667656,1939
5670164,1926
5672740,2103
5675164,2035
5677752,2145
5680256,2190
5682664,1846
5685156,1981
5687664,1971
5690252,1933
5692752,1979
5695164,2170
5697760,2088
5700264,2144
5702760,1901
5705264,1903
5707756,2127
5710352,2255
5712856,2143
5715356,1920
5717856,2123
5720440,1927
5722956,1938
5725456,2246
5727960,1980
5730460,1949
5732964,2138
5735464,1871
5738040,2241
5740456,1857
5742956,1926
5745364,1995
5747960,2117
5750464,2224
5752960,1914
5755464,2224
5757964,1907
5760552,2213
5762960,2192
5765552,2034
5767964,1823
5770460,1968
5772964,1962
5775460,2311
5777964,2098
5780456,2265
5782964,2052
5785452,1906
5787956,2129
5790364,2126
5792960,1945
5795460,2274
5797960,1923
5800464,2136
5802956,2201
5805456,2140
5807864,1806
5810364,1933
5812940,1962
5815364,1941
5817952,2184
5820360,1982
5822952,2316
5825364,1941
5827864,1967
5830452,1862
5832952,2206
5835456,1940
5837956,1910
5840460,1964
5842960,2244
5845460,2034
5847956,2178
5850360,2240
5852864,1983
5855360,2207
5857856,2227
5860360,2152
5862864,1945
5865452,2148
5867964,1973
5870456,1901
5872964,2217
5875552,1956
5878052,1941
5880560,2234
5883060,2187
5885552,2136
5888064,2130
5890556,1978
5892964,1923
5895464,1980
5898040,1896
5900540,1914
5902960,2199
5905540,1988
5907960,1970
5910460,1970
5913052,2076
5915464,1972
5917964,1955
5920552,1867
5923052,2110
5925464,1947
5928060,2149
5930540,2158
5933060,1861
5935556,2007
5938060,1977
5940556,2222
5943060,2070
5945652,1919
5948156,2038
5950656,2142
5953140,2134
5955660,2008
5958164,2206
5960656,2130
5963168,2142
5965756,2000
5968252,1985
5970664,1939
5973260,1928
5975764,1965
5978260,1978
5980764,1961
5983356,1946
5985860,1887
5988360,2183
5990852,1953
5993260,2213
5995856,2164
5998268,1919
6000852,1897
6003260,1978
6005764,1901
6008352,2203
6010760,1947
6013260,1978
6015764,1981
6018264,2122
6020764,1921
6023264,2105
6025756,2019
6028164,2273
6030664,2204
6033156,1968
6035740,2192
6038256,2138
6040756,2135
6043260,2129
6045760,1936
6048264,2226
6050756,1947
6053252,1885
6055664,2256
6058164,2066
6060752,2229
6063256,1994
6065664,1853
6068260,1943
6070752,2202
6073160,2172
6075660,1861
6078152,2197
6080652,1895
6083064,1915
6085556,1964
6088064,1958
6090652,1895
6093152,1972
6095656,2256
6098156,2043
6100564,1908
6103160,2190
6105656,2030
6108064,1907
6110660,2124
6113164,2196
6115652,1955
6118064,2137
6120564,2155
6123152,2236
6125656,2257
6128160,1940
6130664,2010
6133156,2019
6135660,1995
6138160,2159
6140652,1895
6143156,2175
6145664,2046
6148252,1947
6150664,2113
6153164,1967
6155664,2174
6158168,1982
6160664,1944
6163156,1957
6165664,2124
6168240,1837
6170760,2259
6173252,2082
6175664,1989
6178160,2043
6180660,2026
6183160,1984
6185664,1976
6188160,1949
6190664,2252
6193256,2047
6195760,1948
6198264,2203
6200764,1916
6203352,1963
6205864,2250
6208356,2122
6210864,1955
6213452,1969
6215940,2130
6218456,2145
6220956,2099
6223364,1910
6225856,1945
6228452,1861
6230956,1891
6233456,1955
6235960,1909
6238552,2255
6240964,1934
6243560,2130
6246052,2242
6248468,1946
6251052,1935
6253464,2172
6256056,2168
6258560,2240
6261056,2253
6263560,2135
6266060,1881
6268564,2213
6271156,1968
6273660,1866
6276160,2192
6278664,2206
6281156,1969
6283656,2230
6286068,2292
6288564,2106
6291152,1972
6293652,2217
6296160,2060
6298752,2194
6301164,1964
6303740,1935
6306260,2201
6308756,2170
6311256,1956
6313760,1996
6316260,1999
6318752,1823
6321256,2174
6323668,2121
6326160,1951
6328660,2184
6331164,2037
6333664,2011
6336168,1981
6338760,2082
6341256,2229
6343764,1943
6346260,1957
6348760,1951
6351264,2140
6353756,2214
6356256,1857
6358760,2206
6361264,1983
6363756,2126
6366264,2151
6368760,1826
6371264,1914
6373860,2271
6376352,2220
6378760,2144
6381264,2036
6383840,2160
6386356,2089
6388856,2218
6391364,1964
6393864,1997
6396356,1970
6398860,2255
6401452,2259
6403860,1839
6406452,1969
6408956,2235
6411456,1933
6413864,2248
6416368,2103
6418864,2215
6421356,2114
6423864,1941
6426356,2242
6428864,2135
6431364,1880
6433860,2031
6436364,2234
6438852,1943
6441352,2150
6443856,1982
6446356,2157
6448768,1803
6451360,1946
6453852,1955
6456360,1959
6458852,1937
6461356,2198
6463856,2109
6466360,1955
6468952,1952
6471360,2060
6473956,2251
6476364,1936
6478960,1971
6481452,1853
6483860,2235
6486452,2160
6488860,2278
6491456,2138
6493864,2041
6496456,1869
6498960,1887
6501552,1889
6503956,2242
6506368,2234
6508940,1992
6511360,1842
6513956,2132
6516364,1957
6518960,2016
6521456,2253
6523868,2193
6526460,2157
6528952,2244
6531464,2292
6533956,2223
6536552,2004
6539056,1962
6541556,2023
6543968,2162
6546464,1968
6548956,2168
6551460,2222
6554052,1974
6556556,1957
6559056,1898
6561464,1940
6564056,1984
6566464,1954
6569052,2126
6571460,1936
6573960,1976
6576460,1953
6578960,2093
6581552,2037
6584056,2005
6586556,2215
6588964,2201
6591464,2287
6594060,1913
6596560,2165
6599060,1965
6601560,2203
6604152,1911
6606656,1896
6609156,1915
6611564,1979
6614160,2189
6616664,2241
6619252,1910
6621664,2049
6624156,2160
6626656,1948
6629160,1921
6631656,1915
6634160,1897
6636660,1881
6639160,2220
6641652,1835
6644164,1974
6646652,2083
6649152,2244
6651656,1794
6654156,1952
6656564,2209
6659140,2248
6661568,2141
6664152,1919
6666660,1974
6669164,2232
6671660,2136
6674164,2173
6676756,2053
6679260,1967
6681760,2233
6684260,1970
6686852,2296
6689260,1951
6691760,1905
6694356,2109
6696860,1927
6699356,1945
6701860,2057
6704452,1925
6706956,2218
6709456,2215
6711868,1957
6714460,2186
6716952,1932
6719460,2191
6721960,2244
6724456,2140
6726968,1908
6729552,1910
6732056,1793
6734560,1895
6737056,1905
6739560,2017
6742152,1965
6744564,2260
6747064,2060
6749656,2078
6752064,1961
6754560,2235
6757064,1902
6759660,1937
6762160,1920
6764660,2226
6767164,2246
6769656,2183
6772164,1955
6774664,1955
6777256,1901
6779760,1974
6782260,2112
6784760,2066
6787352,2103
6789760,2054
6792264,2138
6794756,1972
6797260,1955
6799852,1924
6802260,1934
6804756,2158
6807164,2179
6809756,1928
6812256,1940
6814764,1997
6817256,2069
6819760,2207
6822352,1932
6824856,1881
6827264,2268
6829764,2089
6832356,2211
6834764,2139
6837264,1870
6839852,1944
6842260,1939
6844852,1827
6847260,2170
6849852,2069
6852264,1984
6854856,2112
6857360,1834
6859956,2085
6862368,2263
6864860,2075
6867440,1893
6869860,1935
6872356,1959
6874764,2252
6877264,1931
6879756,2166
6882260,2133
6884756,1984
6887256,1862
6889768,1979
6892256,1918
6894764,1869
6897352,2101
6899764,1807
6902256,2062
6904756,1984
6907340,1961
6909856,2193
6912356,1923
6914764,1967
6917360,1941
6919860,2271
6922360,2225
6924864,2185
6927356,1960
6929856,2220
6932264,2033
6934764,2028
6937340,2032
6939864,1937
6942356,1952
6944864,2001
6947452,2004
6949964,1948
6952456,2022
6954956,2077
6957552,1973
6960056,1951
6962556,1958
6965056,2233
6967640,2031
6970060,2184
6972568,2222
6975152,1989
6977656,2136
6980160,1970
6982668,2237
6985160,1787
6987660,2264
6990256,1841
6992664,1977
6995164,1972
6997752,1887
7000264,1880
7002756,1975
7005268,2110
7007852,1918
7010264,1878
7012764,2053
7015352,1825
7017864,2240
7020356,2242
7022952,2138
7025456,2123
7027956,2187
7030460,2017
7032960,1910
7035452,2033
7037964,1940
7040456,1913
7042960,1957
7045552,1980
7047960,1981
7050552,1943
7052960,2086
7055552,1942
7058056,1974
7060564,1942
7063056,1945
7065560,1989
7068056,1931
7070556,1885
7073152,2230
7075656,2216
7078156,2157
7080660,1975
7083160,1943
7085652,2199
7088164,1971
7090656,2180
7093160,2178
7095752,2028
7098164,2140
7100664,1986
7103156,2136
7105664,2200
7108252,2039
7110764,1973
7113260,1891
7115764,2220
7118356,1945
7120852,1901
7123360,2151
7125852,1870
7128356,2131
7130764,1921
7133360,2075
7135864,1986
7138364,2201
7140952,1896
7143364,2213
7145864,2079
7148452,1890
7150860,1950
7153364,1955
7155864,1983
7158440,1884
7160964,1988
7163456,2243
7165964,2088
7168556,1894
7171060,2274
7173556,1961
7176060,2159
7178652,2207
7181064,1954
7183560,1946
7186056,1963
7188464,1970
7190968,1932
7193556,1898
7196056,1938
7198560,2062
7201060,1981
7203564,1915
7206060,1966
7208552,2105
7210964,1969
7213556,1975
7215968,2111
7218540,1905
7220960,2080
7223552,2190
7226056,1785
7228556,1940
7230964,1966
7233560,1990
7236064,1943
7238552,1947
7241052,2223
7243560,2057
7246056,2122
7248464,2148
7251060,1939
7253564,2223
7256056,1985
7258564,2045
7261152,2093
7263660,2185
7266152,1824
7268560,2140
7271064,2138
7273656,2186
7276064,1896
7278556,2135
7281056,2115
7283464,2210
7285964,1975
7288552,2258
7291064,2270
7293556,1887
7296064,1779
7298568,1851
7301160,1913
7303664,1989
7306156,1881
7308740,2085
7311256,2146
7313756,1908
7316256,1898
7318852,2017
7321260,1942
7323856,2082
7326264,2179
7328860,1937
7331364,2054
7333856,1993
7336364,1897
7338952,1837
7341464,2081
7343956,2275
7346552,2000
7348964,1947
7351560,2074
7354052,2173
7356556,1939
7359060,1911
7361560,2241
7364064,1953
7366556,2209
7369140,2251
7371656,2133
7374156,1963
7376656,1996
7379160,2244
7381664,2142
7384260,2045
7386764,2014
7389260,2198
7391752,2178
7394164,1962
7396664,2181
7399252,2112
7401752,1948
7404160,1979
7406752,2083
7409256,2212
7411740,2224
7414168,1948
7416756,1908
7419252,2123
7421664,1976
7424260,2270
7426760,2013
7429260,1776
7431764,2134
7434264,2214
7436764,2049
7439352,1805
7441864,1967
7444356,2197
7446856,1979
7449356,1946
7451952,1969
7454456,1991
7456956,1890
7459460,2136
7461960,2066
7464464,1949
7466956,2131
7469552,2194
7471964,1981
7474560,2239
7477064,1992
7479564,1839
7482140,2168
7484564,2016
7487152,2039
7489656,1993
7492064,1950
7494556,1953
7497056,2231
7499556,2170
7502152,1932
7504656,1926
7507156,2236
7509660,2136
7512160,2189
7514652,1931
7517064,1918
7519564,2154
7522156,1897
7524656,2078
7527160,1875
7529660,2027
7532164,2231
7534660,1999
7537240,1843
7539760,1944
7542264,1844
7544756,1937
7547256,1944
7549756,1845
7552352,1946
7554760,2054
7557352,2178
7559860,2192
7562360,2207
7564864,2172
7567356,1926
7569856,1909
7572356,1960
7574952,1990
7577364,2182
7579940,2095
7582456,2139
7584964,2074
7587460,1874
7590052,2210
7592460,1831
7594964,1808
7597464,1880
7600052,2001
7602564,1866
7605056,2236
7607640,2208
7610064,1964
7612560,2065
7615056,2068
7617564,2181
7620152,2131
7622664,2236
7625160,1941
7627660,2156
7630160,2191
7632660,2264
7635160,2017
7637656,1951
7640168,2173
7642660,1983
7645164,1874
7647756,2050
7650252,2156
7652764,1989
7655256,2078
7657756,1913
7660260,2157
7662764,1941
7665256,2081
7667764,2087
7670352,2258
7672768,1960
7675268,1947
7677760,1792
7680264,2181
7682752,1894
7685252,2142
7687756,2119
7690240,1976
7692668,2002
7695256,1956
7697756,1801
7700260,1947
7702756,2097
7705260,1951
7707760,1890
7710256,1945
7712668,1912
7715168,1990
7717756,1977
7720256,2148
7722760,1949
7725260,2202
7727764,1940
7730260,1866
7732752,1999
7735164,1983
7737668,1991
7740256,1887
7742756,2057
7745164,1959
7747664,1823
7750168,2176
7752760,2076
7755256,2106
7757760,2234
7760260,1885
7762760,1977
7765356,1989
7767860,1977
7770360,1801
7772864,1983
7775360,2254
7777868,2164
7780364,1946
7782952,2060
7785460,2025
7787956,1965
7790460,1975
7793052,2238
7795464,1817
7797960,1899
7800456,2131
7802868,1977
7805460,2140
7807964,1967
7810540,1892
7813056,1911
7815556,2256
7818060,2264
7820556,2059
7823060,2145
7825560,1981
7828068,2034
7830568,2142
7833156,2135
7835668,2132
7838160,2144
7840664,1951
7843164,1981
7845752,1983
7848256,1877
7850760,2227
7853260,2184
7855764,1972
7858264,1935
7860852,1941
7863364,1945
7865860,2231
7868360,2254
7870952,2181
7873364,1991
7875864,1886
7878452,2237
7880952,1940
7883364,1956
7885960,1869
7888464,1991
7890960,1962
7893452,2091
7895960,2145
7898460,1880
7900960,2002
7903552,1937
7905964,1973
7908560,2220
7911064,2215
7913564,2022
7916056,2070
7918556,2000
7921152,1850
7923656,1949
7926156,1895
7928656,2211
7931156,2265
7933660,1952
7936164,2190
7938652,2191
7941164,2115
7943660,1975
7946160,1953
7948660,1867
7951164,2038
7953664,2205
7956240,1923
7958752,2232
7961260,1902
7963760,2161
7966264,1948
7968756,1985
7971340,1812
7973856,1999
7976356,1989
7978860,2273
7981452,1955
7983864,1936
7986364,1872
7988952,1824
7991452,2179
7993960,1858
7996552,1910
7998964,2185
8001460,2165
8003968,1886
8006552,1906
8009052,1918
8011464,1936
8014056,1943
8016464,1917
8019060,2241
8021552,2102
8024056,2246
8026556,1900
8028968,1966
8031464,2145
8034052,1887
8036468,2096
8039056,2192
8041564,1980
8044056,1968
8046560,2154
8049152,2058
8051560,2128
8054152,1917
8056656,1909
8059156,2133
8061660,2124
8064160,1963
8066664,2214
8069160,2172
8071664,2001
8074156,1965
8076668,2079
8079256,1979
8081756,1936
8084164,2148
8086664,2182
8089240,1942
8091764,2131
8094256,2006
8096664,1925
8099164,2234
8101752,1780
8104256,1975
8106664,1948
8109260,1935
8111756,1946
8114168,1897
8116760,2024
8119264,1984
8121764,2227
8124352,1960
8126860,1890
8129356,1979
8131856,2088
8134264,2097
8136860,1976
8139356,1992
8141864,1956
8144360,1943
8146860,1974
8149456,2246
8151868,2019
8154440,1938
8156860,2058
8159452,2242
8161956,1826
8164468,1878
8166960,1977
8169464,1955
8171960,1877
8174464,2191
8176964,1999
8179552,2244
8181960,2184
8184464,1974
8187056,1971
8189552,2219
8192064,1960
8194564,1872
8197064,2118
8199564,2130
8202064,2180
8204564,1931
8207064,2147
8209560,1917
8212064,1891
8214652,1942
8217156,1922
8219664,2146
8222156,1863
8224656,2166
8227152,1866
8229660,1969
8232156,1889
8234568,2225
8237160,2237
8239664,1868
8242156,1939
8244664,2139
8247156,1921
8249656,1979
8252156,1986
8254656,2178
8257140,2220
8259556,2089
8262052,2034
8264560,2141
8267056,1962
8269556,1980
8272064,1945
8274652,1907
8277140,2048
8279652,2166
8282064,1865
8284656,1961
8287160,2199
8289660,2224
8292160,2212
8294752,1883
8297164,2054
8299756,2205
8302164,1991
8304756,2202
8307164,2243
8309740,2202
8312260,1954
8314752,1909
8317256,2228
8319664,2141
8322264,2072
8324752,1916
8327264,2226
8329756,1879
8332256,2093
8334768,1940
8337256,2241
8339768,2144
8342352,2253
8344856,1840
8347264,1903
8349860,2224
8352360,1894
8354860,2135
8357364,1990
8359856,2213
8362364,1966
8364856,1963
8367364,1966
8369864,1973
8372364,2125
8374868,2228
8377460,1912
8379956,1949
8382364,1979
8384864,2247
8387356,1997
8389864,1939
8392452,2005
8394864,1882
8397356,2045
8399856,1911
8402452,1871
8404860,2138
8407356,1920
8409856,1954
8412364,1934
8414940,1894
8417364,1942
8419940,1923
8422460,1953
8424952,2018
8427456,1829
8429952,2202
8432364,1949
8434860,2065
8437356,1993
8439764,1977
8442264,2233
8444852,1869
8447360,1995
8449852,1865
8452352,2138
8454760,1974
8457264,1844
8459852,2219
8462364,1970
8464856,2204
8467356,1884
8469864,1964
8472368,1980
8474864,2147
8477452,2014
8479952,1856
8482364,1968
8484960,1986
8487460,1928
8489952,1963
8492440,1943
8494956,1939
8497456,1856
8499864,2126
8502360,2229
8504864,2019
8507456,2254
8509960,2227
8512456,2217
8514952,1929
8517456,2261
8519960,2088
8522460,2078
8524960,2137
8527460,2244
8530052,1977
8532464,1884
8534964,1916
8537464,1930
8539956,2247
8542468,2099
8545052,1948
8547556,1910
8549964,1976
8552560,1930
8555064,1929
8557556,2150
8560064,2127
8562556,1997
8565064,1970
8567652,2195
8570152,2154
8572564,1980
8575160,1896
8577652,2207
8580164,2241
8582656,1971
8585156,2086
8587668,2217
8590256,1885
8592756,2158
8595164,1974
8597752,1978
8600160,1991
8602752,2146
8605256,2264
8607668,1963
8610260,2252
8612760,2083
8615260,2183
8617760,2032
8620356,1975
8622768,2181
8625264,1912
8627852,2140
8630260,1934
8632856,1912
8635268,1962
8637764,1871
8640352,2211
8642852,2134
8645264,1854
8647852,1999
8650264,2166
8652768,1891
8655360,2034
8657864,1948
8660364,1970
8662940,1993
8665452,1964
8667956,2263
8670456,1942
8672864,1995
8675460,2113
8677964,1960
8680464,2251
8682956,2093
8685364,1952
8687864,1966
8690440,1993
8692864,1918
8695452,1953
8697952,1961
8700456,1992
8702960,1990
8705460,2241
8707964,2094
8710556,2210
8712964,2220
8715464,1944
8717964,2229
8720560,1932
8723052,2137
8725464,1895
8727960,2150
8730464,2130
8732964,1941
8735464,2035
8738060,2000
8740540,1847
8742964,1962
8745552,2151
8748064,1867
8750556,1777
8753060,1972
8755652,1853
8758064,1945
8760560,2133
8763064,2138
8765564,2136
8768140,1943
8770660,2038
8773164,1931
8775656,1918
8778252,1937
8780756,2250
8783256,2191
8785760,1958
8788352,2059
8790764,1955
8793264,2136
8795852,2197
8798364,2244
8800860,2147
8803452,1822
8805956,2238
8808540,1980
8810960,1925
8813460,1894
8816052,2160
8818560,1996
8821056,1997
8823560,1878
8826152,2060
8828564,1928
8831156,1870
8833660,1905
8836252,1980
8838664,2150
8841256,2154
8843760,2129
8846256,1983
8848752,2163
8851256,1914
8853756,1862
8856260,1940
8858760,2201
8861264,2005
8863760,2019
8866264,1860
8868756,2252
8871340,1880
8873856,1980
8876356,1902
8878860,1920
8881360,2144
8883852,1907
8886260,1916
8888760,1953
8891260,1897
8893756,1948
8896260,2193
8898852,2090
8901356,2268
8903856,1962
8906268,1922
8908860,2126
8911364,1960
8913856,2085
8916352,2024
8918764,2275
8921264,2273
8923760,2146
8926352,1836
8928768,1923
8931360,2147
8933864,1989
8936360,2168
8938856,2187
8941360,2194
8943952,1996
8946364,2150
8948952,2128
8951360,1987
8953952,1964
8956364,1794
8958856,1841
8961452,1934
8963956,1927
8966456,2049
8968960,2037
8971456,1970
8973960,1903
8976552,1900
8978964,2116
8981540,2234
8983968,1971
8986460,1795
8989052,1930
8991464,1893
8994056,2251
8996464,1991
8999060,1944
9001556,1953
9003968,1897
9006468,1945
9009052,2010
9011556,2213
9013964,1957
9016560,2039
9019060,2093
9021560,2094
9024064,2174
9026556,1905
9029064,2208
9031652,2197
9034152,1901
9036660,1900
9039160,2199
9041660,1986
9044256,1975
9046664,1858
9049164,2213
9051752,1950
9054160,1947
9056752,2131
9059164,2018
9061668,1911
9064256,2006
9066752,1918
9069164,1949
9071756,1926
9074260,2037
9076852,1804
9079252,2175
9081664,1890
9084164,1999
9086656,1972
9089164,1973
9091656,2187
9094164,2156
9096752,1931
9099164,1949
9101664,1946
9104252,2150
9106756,2229
9109240,1990
9111752,2225
9114164,2132
9116760,1966
9119264,1970
9121760,1954
9124352,2136
9126760,2217
9129260,2226
9131764,1881
9134356,1949
9136840,2067
9139264,1930
9141852,1875
9144264,1963
9146760,1880
9149264,2142
9151764,1979
9154260,1979
9156852,2232
9159264,1852
9161860,1959
9164356,1897
9166868,2209
9169360,1903
9171864,1882
9174364,1951
9176956,1800
9179456,1939
9181960,2229
9184460,2248
9186952,2219
9189464,1935
9191956,2031
9194460,2058
9196956,2133
9199460,2218
9201960,2170
9204464,2175
9206964,1944
9209456,1918
9211968,2093
9214460,1936
9216964,1994
9219464,1959
9221964,2144
9224464,2227
9226952,2200
9229464,2248
9231956,1812
9234464,2235
9236956,1976
9239460,2079
9242052,2207
9244556,1977
9247056,2151
9249464,1976
9252060,1943
9254560,1916
9257060,1998
9259552,2212
9262060,2257
9264560,1962
9267060,2069
9269556,2163
9272060,2144
9274652,1945
9277064,1942
9279564,1950
9282152,1881
9284660,1849
9287164,2032
9289656,1983
9292240,1979
9294756,1830
9297256,1949
9299760,2131
9302260,2113
9304764,1901
9307260,1894
9309752,1980
9312164,2212
9314760,1929
9317264,1848
9319764,2027
9322352,2016
9324852,1959
9327260,2244
9329852,1945
9332360,1885
9334856,2214
9337364,2025
9339856,2160
9342368,2006
9344860,1879
9347456,1917
9349864,1986
9352460,1982
9354964,1881
9357464,1934
9360040,1961
9362464,2084
9365040,2148
9367460,1959
9370052,2024
9372560,1964
9375056,1949
9377560,2199
9380152,1956
9382564,2281
9385160,2232
9387664,2044
9390164,2199
9392752,1882
9395264,2095
9397756,1992
9400260,2144
9402756,2142
9405260,1960
9407760,2230
9410256,2215
9412764,2129
9415352,2169
9417856,1885
9420360,1891
9422860,1875
9425364,1790
9427856,1947
9430368,1914
9432956,2121
9435456,2106
9437960,2180
9440460,2206
9442964,2259
9445460,2236
9447952,1825
9450364,1988
9452868,2186
9455452,2172
9457956,1945
9460364,2233
9462868,2139
9465456,2012
9467964,1956
9470460,1951
9472964,1910
9475556,1888
9478060,1833
9480564,1852
9483068,1961
9485640,2232
9488156,2204
9490656,1988
9493068,1928
9495660,1923
9498156,1883
9500656,1896
9503252,2135
9505664,2234
9508260,1978
9510764,1952
9513264,1952
9515852,1794
9518356,2081
9520860,2225
9523360,1894
9525864,2141
9528360,2146
9530864,2197
9533460,2078
9535964,2138
9538460,1931
9541052,2163
9543464,1960
9545964,1954
9548456,1823
9550968,2050
9553460,2021
9555964,1921
9558556,2097
9561060,1868
9563564,1976
9566152,1985
9568652,1899
9571060,1992
9573656,2138
9576160,2153
9578660,2213
9581156,2193
9583668,2227
9586164,2140
9588756,2183
9591264,1989
9593756,2291
9596352,1995
9598764,1942
9601268,2279
9603756,1962
9606268,2191
9608852,2000
9611264,1827
9613760,2136
9616264,1988
9618760,2262
9621260,2242
9623760,1937
9626256,2202
9628764,2043
9631256,2201
9633760,2187
9636256,1859
9638756,1885
9641352,1896
9643856,1898
9646356,2223
9648764,1991
9651360,1951
9653852,2134
9656264,1958
9658760,2056
9661268,2244
9663840,1920
9666356,1981
9668856,2276
9671264,2050
9673860,1898
9676352,1948
9678764,2064
9681264,2101
9683852,2145
9686356,2257
9688768,1889
9691352,1944
9693856,2228
9696356,1951
9698860,2141
9701364,1929
9703852,1938
9706264,2078
9708764,1903
9711260,1806
9713852,2186
9716268,1975
9718860,1987
9721356,2235
9723860,1973
9726452,1910
9728868,1986
9731368,2152
9733952,2156
9736456,1965
9738868,1974
9741464,1979
9743956,2141
9746464,1969
9749052,1959
9751460,1849
9753960,1998
9756464,2022
9758964,1880
9761552,2183
9764056,2169
9766468,1878
9769060,2017
9771564,2297
9774056,2147
9776652,2158
9779064,2081
9781564,2191
9784140,1884
9786652,1864
9789060,2190
9791656,1976
9794160,2028
9796660,1946
9799156,2235
9801564,2240
9804160,1981
9806664,1890
9809164,2144
9811756,1876
9814256,2231
9816760,2135
9819264,1991
9821756,1992
9824268,1914
9826760,1874
9829340,1916
9831864,2119
9834356,1979
9836856,1996
9839264,1990
9841764,1854
9844252,1980
9846760,1898
9849256,2181
9851760,1866
9854352,1961
9856764,2187
9859356,2269
9861860,2208
9864360,1910
9866864,1941
9869364,1858
9871856,1954
9874264,1941
9876764,2002
9879256,2247
9881764,2250
9884268,1985
9886860,1886
9889364,1881
9891864,1932
9894364,2148
9896952,1971
9899464,1873
9901960,2038
9904552,1892
9906964,1943
9909468,1962
9912056,2091
9914552,1971
9916964,1874
9919456,2148
9921956,2001
9924456,2012
9927052,1982
9929556,2177
9932056,1989
9934464,1985
9937060,1934
9939552,2056
9942064,2237
9944556,2133
9947056,1878
9949556,2044
9952060,1941
9954652,1883
9957156,2150
9959656,2247
9962064,2140
9964660,2197
9967164,2008
9969656,1959
9972252,1940
9974756,1974
9977256,2113
9979760,2146
9982264,2232
9984852,1985
9987352,1880
9989760,2200
9992352,1989
9994760,1870
9997264,1874
9999856,2244
10002264,1967
10005060,1983
10007760,1947
10010456,2146
10013164,1962
10015960,2044
10018656,2274
10021356,1897
10024140,2163
10026760,1975
10029460,2189
10032252,2215
10034868,2046
10037664,2020
10040364,2135
10043056,1939
10045760,1989
10048464,2195
10051260,1849
10053960,1778
10056656,1863
10059260,1961
10062056,2193
10064760,2105
10067452,2088
10070152,2021
10072768,2138
10075564,2050
10078268,1860
10080960,1926
10083660,2164
10086352,2079
10089056,1953
10091752,1899
10094460,2212
10097164,1942
10099864,1879
10102652,1949
10105352,1979
10108056,2212
10110764,1953
10113464,1809
10116260,1957
10118956,2242
10121656,2015
10124452,1991
10127064,1922
10129860,1811
10132564,1907
10135352,1905
10138052,1898
10140664,1941
10143368,2110
10146164,1890
10148860,1899
10151652,1916
10154356,2200
10157152,1956
10159768,2139
10162564,1924
10165264,1967
10168052,2078
10170752,1947
10173364,2242
10176160,1861
10178852,1941
10181556,1951
10184260,1950
10186960,1975
10189656,2005
10192452,1947
10195152,2138
10197860,1810
10200552,2188
10203256,2137
10205964,2134
10208664,1960
10211460,2142
10214060,1921
10216856,2161
10219652,1921
10222264,1952
10225060,2172
10227664,1866
10230460,1933
10233164,1992
10235840,1855
10238552,2263
10241256,1951
10243960,2208
10246664,2123
10249360,1913
10252056,2041
10254756,2127
10257364,1860
10260156,2234
10262860,2040
10265564,1890
10268356,2183
10271056,2022
10273760,2119
10276552,1916
10279264,2141
10281960,1928
10284668,1994
10287460,1964
10290156,2245
10292856,2231
10295652,2137
10298356,1949
10301056,1852
10303756,1849
10306452,2216
10309152,1998
10311852,2182
10314464,2000
10317256,2149
10320052,1959
10322652,2129
10325352,2133
10328060,2105
10330760,1954
10333460,2186
10336060,1997
10338852,2178
10341564,1886
10344260,2139
10347056,1891
10349756,1935
10352464,2166
10355156,2201
10357856,2225
10360564,2229
10363264,1966
10366056,1883
10368764,2250
10371456,1949
10374164,2236
10376864,1959
10379656,1847
10382440,2183
10385064,1897
10387752,2164
10390460,1886
10393164,1936
10395956,1968
10398664,1981
10401364,2202
10404160,2130
10406864,1915
10409552,1864
10412256,1838
10414868,1975
10417568,1879
10420360,2198
10423056,1806
10425756,1870
10428540,2213
10431152,2120
10433856,1935
10436560,2247
10439352,1947
10442056,1957
10444760,2015
10447452,2090
10450152,1948
10452860,2135
10455560,2056
10458260,1985
10460956,1993
10463668,2094
10466460,1935
10469156,1958
10471868,1787
10474568,1981
10477352,1829
10480056,2205
10482768,1982
10485464,1936
10488156,2069
10490860,1982
10493560,2155
10496260,2050
10498952,2056
10501652,1887
10504364,2233
10507056,2011
10509764,1997
10512556,1900
10515264,1941
10517964,1943
10520756,2230
10523460,2266
10526160,1954
10528952,1968
10531656,2098
10534360,1938
10537060,2250
10539752,1984
10542456,1989
10545164,2142
10547860,1972
10550560,2160
10553256,2071
10555964,2124
10558664,1928
10561440,1877
10564160,1864
10566860,2248
10569556,2181
10572160,1775
10574860,1949
10577552,1795
10580256,2143
10582960,1809
10585660,1933
10588360,2192
10591064,2183
10593764,1932
10596556,1921
10599252,2248
10601960,2232
10604664,1994
10607364,1945
10610160,2058
10612860,1863
10615460,2186
10618160,2104
10620852,1911
10623556,1985
10626352,1941
10629056,2186
10631760,2194
10634556,2144
10637260,2135
10639964,1996
10642664,2279
10645364,1872
10648160,2123
10650864,2112
10653556,1864
10656256,2064
10658964,2073
10661664,2254
10664364,2258
10667156,2140
10669864,2174
10672552,1782
10675264,1872
10677960,2241
10680656,2177
10683360,2236
10686152,1818
10688852,1937
10691556,2041
10694256,2165
10696956,1976
10699652,1823
10702364,1898
10705064,2130
10707852,1977
10710564,1877
10713268,1910
10716052,2136
10718660,2242
10721452,2288
10724160,2224
10726860,2223
10729652,1997
10732356,2156
10735060,1862
10737760,2243
10740456,1962
10743156,1910
10745852,1983
10748564,2001
10751256,2248
10753952,1949
10756660,1971
10759364,1911
10762056,2223
10764756,1915
10767460,1956
10770060,2051
10772760,2141
10775456,1956
10778164,2040
10780956,1951
10783652,2080
10786364,1883
10789064,1963
10791760,1967
10794460,2120
10797256,2236
10799960,1894
10802656,2012
10805368,1875
10808060,2137
10810856,1994
10813556,2070
10816252,2130
10818964,1951
10821660,2174
10824364,2205
10827064,1992
10829840,2255
10832540,1953
10835260,1890
10837956,1967
10840664,2067
10843460,1915
10846152,2185
10848856,1954
10851640,1930
10854260,1926
10856960,2231
10859756,2037
10862460,2198
10865160,1872
10867860,2240
10870556,2189
10873256,2134
10876052,1942
10878756,2217
10881460,2076
10884068,2074
10886860,2190
10889464,1957
10892252,1956
10894964,2095
10897652,2041
10900356,2133
10903060,2026
10905852,1958
10908556,1989
10911256,1958
10913964,2242
10916660,1961
10919452,1882
10922152,2256
10924764,1797
10927556,1935
10930352,2225
10932964,2218
10935760,2044
10938460,2084
10941156,2223
10943856,1981
10946552,2218
10949252,2174
10951956,2147
10954664,2210
10957352,1942
10960052,1880
10962756,2201
10965460,1945
10968160,1911
10970856,1921
10973556,2057
10976352,2165
10978964,1964
10981656,2241
10984360,2265
10987064,1998
10989856,2145
10992560,1917
10995252,2038
10997952,2129
11000660,2089
11003360,1987
11006052,1927
11008664,1868
11011456,2236
11014240,2133
11016852,1961
11019556,1969
11022260,1937
11024964,1989
11027660,2191
11030364,2232
11033160,1998
11035940,1989
11038560,2237
11041356,1879
11044060,1988
11046764,1902
11049464,1964
11052260,2242
11054956,1872
11057564,2220
11060356,2211
11063064,1984
11065764,2123
11068464,2246
11071252,1952
11073952,1959
11076664,2230
11079360,2249
11082060,2085
11084752,2184
11087456,1949
11090252,1977
11092960,2096
11095660,2070
11098360,2217
11101056,1905
11103760,1977
11106460,1978
11109156,2229
11111868,1864
11114664,2149
11117360,1997
11120152,1999
11122864,1857
11125564,1991
11128360,1920
11131060,2229
11133756,2141
11136552,1908
11139264,1997
11141940,2257
11144664,1963
11147364,2158
11150140,2236
11152864,2236
11155568,1916
11158352,2217
11161056,2253
11163852,2002
11166464,1932
11169164,1964
11171956,2134
11174660,2021
11177364,1942
11180064,1982
11182852,2156
11185556,1940
11188268,2050
11191052,1981
11193756,2050
11196464,2099
11199256,2073
11201956,2073
11204640,1963
11207360,1978
11210052,1921
11212664,2152
11215364,2231
11218156,2197
11220864,1965
11223556,1982
11226256,2213
11228952,1812
11231664,2209
11234264,1974
11237060,1993
11239764,1938
11242456,1809
11245240,2146
11247940,2024
11250564,2110
11253356,1948
11256060,1989
11258756,2197
11261456,1905
11264160,2145
11266864,1952
11269552,2213
11272264,2027
11274960,2046
11277660,1954
11280364,2199
11283156,2045
11285856,2058
11288560,2052
11291352,2136
11294052,1939
11296760,1923
11299460,2250
11302160,2128
11304856,2207
11307652,1987
11310352,2152
11312964,1948
11315756,2164
11318456,1860
11321152,2159
11323864,2226
11326568,2102
11329264,1913
11332056,1830
11334760,2185
11337464,2225
11340168,2091
11342960,1897
11345656,2168
11348364,2068
11351160,2002
11353856,1940
11356556,2138
11359352,2174
11361964,1888
11364760,2233
11367464,2118
11370168,1890
11372964,1955
11375564,1949
11378356,2070
11381060,1909
11383752,2292
11386456,2027
11389252,2141
11391864,2173
11394664,2225
11397368,2000
11400152,2167
11402856,1893
11405652,2202
11408260,1794
11411056,2045
11413756,1807
11416452,2205
11419060,1840
11421760,2135
11424456,2250
11427156,1999
11429860,1957
11432656,1916
11435360,1891
11438052,2176
11440756,1872
11443556,2139
11446260,1986
11448952,1944
11451656,1840
11454360,2150
11457064,2221
11459860,1943
11462556,2232
11465256,1986
11467960,1864
11470564,1787
11473360,1887
11476152,2174
11478764,1997
11481560,1908
11484264,1894
11486968,2021
11489760,2262
11492460,1917
11495168,1886
11497960,1996
11500664,1967
11503368,1979
11506164,1925
11508864,2023
11511652,1981
11514352,1961
11517056,1953
11519764,2209
11522552,1979
11525260,2182
11527956,1872
11530664,1867
11533456,2213
11536164,1983
11538852,1945
11541564,1954
11544260,1940
11546964,1913
11549660,2052
11552452,1864
11555160,1944
11557856,1980
11560560,1952
11563260,1857
11565956,2247
11568656,1796
11571364,2209
11574152,2048
11576864,2111
11579564,2154
11582352,1938
11585056,1989
11587756,1922
11590460,2209
11593164,1866
11595956,2077
11598652,1955
11601352,1895
11604064,1885
11606760,2143
11609552,1958
11612264,2001
11614960,1949
11617664,2082
11620456,1953
11623160,2149
11625864,2205
11628656,1908
11631352,2128
11634056,1966
11636768,1958
11639464,1940
11642256,2153
11645052,1947
11647664,2146
11650460,2067
11653164,1959
11655868,2213
11658640,1929
11661360,2250
11664056,1860
11666756,1962
11669460,2262
11672164,2007
11674952,2072
11677656,2031
11680360,2196
11683152,2144
11685860,1944
11688564,2038
11691356,2219
11694064,1994
11696764,1829
11699556,1880
11702264,2233
11704964,2149
11707760,1964
11710452,1983
11713156,2124
11715860,1979
11718552,1951
11721256,1841
11723956,1917
11726664,1852
11729364,1890
11732160,1856
11734852,1993
11737556,2086
11740260,1962
11742952,1939
11745656,1878
11748356,2190
11751064,1932
11753756,1886
11756464,2101
11759168,2232
11761952,2006
11764564,1956
11767360,2136
11770040,2234
11772756,1982
11775460,2228
11778256,2261
11780940,2102
11783664,1904
11786368,2230
11789156,2170
11791856,1974
11794560,2080
11797252,2199
11799956,2116
11802564,1965
11805360,1982
11807968,1853
11810756,1851
11813456,2181
11816252,2251
11818960,1980
11821660,1976
11824456,2136
11827160,2202
11829856,2268
11832556,1889
11835264,2131
11837952,2247
11840668,2239
11843360,1919
11846060,2117
11848760,2016
11851456,1891
11854156,1991
11856860,2033
11859652,2111
11862352,2217
11865060,1982
11867752,2253
11870456,2011
11873152,1973
11875852,2158
11878568,2011
11881260,1950
11884052,2225
11886752,2072
11889364,1885
11892060,2001
11894764,2245
11897556,1992
11900164,2142
11902952,2204
11905656,1988
11908440,2221
11911060,1943
11913856,1955
11916556,1878
11919264,2074
11922040,2022
11924760,1991
11927364,2237
11930156,2218
11932860,2246
11935552,1961
11938256,2214
11940968,1929
11943752,1977
11946456,1893
11949156,1899
11951864,1916
11954652,2190
11957364,2038
11960064,1981
11962856,1983
11965560,2091
11968256,1870
11970956,1994
11973668,2241
11976360,1866
11979060,1946
11981764,1936
11984560,2185
11987260,2138
11989956,1915
11992752,2142
11995456,1917
11998164,2222
12000864,1974
12003660,1928
12006364,2194
12009140,1822
12011860,1933
12014556,2164
12017260,1869
12019960,1910
12022656,1942
12025364,2232
12028160,2179
12030856,2216
12033652,2038
12036352,2229
12039056,2124
12041760,2255
12044460,2226
12047156,1974
12049952,1879
12052664,2035
12055356,1907
12058152,2021
12060864,2202
12063560,1952
12066352,1922
12069056,1978
12071764,1944
12074456,2171
12077156,1828
12079864,1955
12082568,1867
12085268,2244
12088052,1796
12090764,1974
12093468,1956
12096164,2175
12098852,2278
12101560,2153
12104264,1944
12106960,2195
12109664,1979
12112368,2040
12115160,1953
12117856,1893
12120652,1982
12123352,1900
12126052,2235
12128764,1809
12131468,2220
12134160,2148
12136956,2107
12139660,2016
12142352,1885
12145056,2158
12147852,1903
12150556,1969
12153260,2075
12155960,1963
12158656,1822
12161360,1960
12164064,1908
12166756,1980
12169456,2217
12172160,1972
12174852,1961
12177564,2214
12180264,1964
12182964,2037
12185756,1801
12188464,1955
12191156,1952
12193940,1823
12196552,1963
12199256,1928
12201960,1952
12204752,1837
12207456,1899
12210160,2086
12212952,2052
12215656,2229
12218360,1847
12221064,2086
12223756,2190
12226464,1821
12229168,1986
12231960,1995
12234564,1940
12237356,2247
12240060,1802
12242756,1969
12245456,2057
12248252,2246
12250960,2196
12253660,1971
12256456,1994
12259164,2223
12261864,1990
12264664,2187
12267360,2163
12270152,2012
12272856,2000
12275540,1986
12278264,1940
12280956,2207
12283656,2251
12286264,1950
12289060,2182
12291764,2095
12294464,1949
12297156,2144
12299940,1994
12302660,1878
12305356,2166
12308140,2221
12310852,2238
12313556,2127
12316260,2223
12318960,2135
12321560,1938
12324260,1920
12327052,1935
12329664,2233
12332460,1893
12335160,1948
12337856,1873
12340560,1891
12343264,1840
12346056,1918
12348756,1866
12351464,1984
12354260,1995
12356868,2104
12359656,1819
12362356,2168
12365060,1952
12367764,2241
12370464,2162
12373260,1928
12375956,2259
12378656,1930
12381360,2058
12384052,1967
12386756,2266
12389540,1926
12392152,2251
12394856,1969
12397560,2240
12400352,1913
12403056,2140
12405852,1941
12408452,1872
12411156,2274
12413864,1946
12416556,2090
12419268,2067
12421964,2016
12424756,1872
12427456,2246
12430164,2078
12432864,1816
12435660,1948
12438356,1911
12441060,1978
12443760,2295
12446456,2250
12449164,1999
12451960,1990
12454560,1881
12457260,1992
12459964,1903
12462668,1919
12465464,2013
12468156,1991
12470952,1960
12473664,2267
12476360,1958
12479152,2225
12481856,1994
12484560,2204
12487356,1914
12490056,2128
12492764,1923
12495464,1948
12498256,2008
12500868,1950
12503660,1965
12506352,2010
12509056,1880
12511664,2269
12514460,2038
12517164,2248
12519864,1997
12522660,2124
12525356,2209
12528060,2067
12530852,2179
12533560,2174
12536264,1841
12539056,2077
12541760,2074
12544456,1906
12547164,1990
12549864,1942
12552656,1808
12555452,1890
12558052,2178
12560756,1951
12563540,2131
12566152,1851
12568856,1974
12571564,1882
12574256,2048
12576956,2176
12579664,1986
12582364,1938
12585160,1926
12587856,1975
12590556,2027
12593352,1909
12596060,1976
12598764,1974
12601556,1961
12604264,2235
12606968,1832
12609752,2048
12612456,2216
12615160,1875
12617956,2253
12620660,1961
12623352,2059
12626056,1895
12628752,1976
12631456,2239
12634252,2236
12636864,2267
12639660,2028
12642364,2040
12645060,1930
12647760,2138
12650452,1855
12653156,2159
12655952,2117
12658660,1856
12661352,1929
12664056,2253
12666764,2044
12669464,1874
12672260,2060
12674956,2160
12677668,2254
12680460,2249
12683156,1952
12685952,1894
12688656,2225
12691360,2017
12694052,2029
12696756,2152
12699456,1946
12702164,2149
12704960,1955
12707652,1923
12710356,1953
12713060,1926
12715756,2160
12718468,1968
12721264,2190
12723960,2263
12726660,2140
12729456,2178
12732164,1943
12734864,1965
12737660,1950
12740356,1918
12743152,2223
12745868,2232
12748552,2145
12751256,2214
12753960,1783
12756656,2150
12759360,2217
12762064,1911
12764768,2096
12767564,2061
12770240,2236
12772964,2249
12775752,1876
12778460,2146
12781164,2175
12783960,2145
12786564,1979
12789264,2144
12792060,2261
12794664,1816
12797460,1890
12800164,1968
12802852,1984
12805552,2178
12808264,2245
12810956,1976
12813656,1939
12816360,1972
12818964,2053
12821756,2185
12824464,2082
12827152,2060
12829864,1949
12832560,1989
12835164,2175
12837956,1940
12840664,2091
12843352,1926
12846060,2098
12848760,2225
12851464,2211
12854156,1993
12856940,2139
12859640,2063
12862356,2243
12865056,1935
12867764,1994
12870552,1864
12873264,2232
12875968,2126
12878660,1944
12881452,1890
12884164,1997
12886860,1939
12889652,1954
12892364,1991
12895060,2248
12897852,1982
12900564,2181
12903260,1989
12906052,2182
12908752,2134
12911456,1972
12914160,2181
12916860,1942
12919556,1872
12922264,1896
12925060,2209
12927756,1965
12930456,1873
12933252,1968
12935956,2178
12938656,1937
12941440,1971
12944064,2179
12946856,2036
12949652,1914
12952256,1889
12954956,2136
12957660,2179
12960456,1969
12963156,2079
12965860,2168
12968564,2242
12971356,2145
12974064,1897
12976764,2189
12979560,2062
12982252,2267
12984956,2146
12987656,1868
12990364,1888
12993056,2162
12995756,1941
12998464,2128
13001156,1926
13003768,1875
13006552,2177
13009264,1955
13011960,2074
13014664,2080
13017364,2083
13020152,2134
13022856,1993
13025556,1871
13028264,1949
13030964,1890
13033760,1942
13036452,2270
13039156,2159
13041856,2220
13044564,1943
13047264,2091
13050060,1955
13052756,2084
13055456,1966
13058160,2012
13060856,1887
13063568,2221
13066360,2147
13069056,2070
13071852,2178
13074564,1903
13077260,2273
13080056,1924
13082756,2189
13085464,2142
13088168,1972
13090960,1956
13093656,1880
13096364,1932
13099160,2136
13101860,1947
13104560,2217
13107356,2177
13110060,2152
13112760,1815
13115552,1887
13118160,1970
13120860,2227
13123564,2004
13126352,2055
13129056,1905
13131760,2249
13134460,1904
13137252,1893
13139864,1783
13142656,2085
13145356,1903
13148064,1966
13150752,2014
13153452,1869
13156156,2146
13158760,1943
13161452,2182
13164152,1970
13166852,2142
13169464,2220
13172164,1782
13174956,1851
13177660,2250
13180360,2020
13183064,1940
13185768,2042
13188464,1942
13191256,2014
13193964,1956
13196652,1946
13199356,1937
13202060,2225
13204760,2036
13207464,2146
13210156,2279
13212864,1954
13215560,2148
13218352,1903
13221064,2030
13223664,1960
13226364,2146
13229156,2079
13231864,2063
13234552,1939
13237264,2216
13239960,1897
13242756,1900
13245540,1921
13248164,2141
13250860,2162
13253564,2132
13256264,1884
13259060,1991
13261752,1948
13264456,1946
13267156,1989
13269860,1780
13272564,1886
13275264,1917
13277960,1882
13280756,1968
13283468,2127
13286160,2166
13288956,1915
13291656,2020
13294340,1864
13297060,1948
13299764,1945
13302464,2135
13305164,1968
13307960,1923
13310656,2170
13313356,2221
13316060,2197
13318852,1945
13321564,1864
13324256,2132
13326964,2049
13329664,2108
13332364,1972
13335064,2261
13337860,1943
13340564,1926
13343264,2145
13345964,1903
13348752,1933
13351464,2176
13354168,2028
13356952,1957
13359656,1981
13362356,2263
13365064,1879
13367752,2254
13370364,1997
13373160,2013
13375860,2135
13378556,1982
13381268,2122
13384060,1965
13386760,1880
13389456,2034
13392156,2171
13394860,1927
13397564,1916
13400264,2191
13402968,1935
13405740,2262
13408452,2063
13411156,1949
13413856,2259
13416652,2168
13419264,2169
13421964,1919
13424756,2235
13427452,2136
13430152,2193
13432864,2220
13435564,1919
13438356,2127
13441056,2236
13443764,2131
13446464,2078
13449156,1938
13451864,1853
13454564,1953
13457264,2246
13460060,2229
13462760,1976
13465456,2267
13468164,1956
13470956,1937
13473660,2020
13476364,1965
13479156,2187
13481768,2200
13484560,2004
13487260,2273
13489956,1863
13492740,2180
13495460,2178
13498156,1958
13500940,2197
13503664,1796
13506360,1941
13509060,2183
13511856,2193
13514468,1945
13517264,2016
13519964,1994
13522668,1827
13525460,1871
13528160,2083
13530856,1979
13533556,1992
13536352,2140
13538952,1997
13541656,1946
13544360,2216
13547064,1942
13549856,2193
13552560,2048
13555252,1918
13557956,1931
13560660,1913
13563364,2054
13566064,1833
13568852,2138
13571564,1948
13574264,1893
13577040,1865
13579764,2234
13582464,2206
13585252,2061
13587964,1875
13590668,2136
13593456,2151
13596156,2109
13598860,1880
13601556,2152
13604256,2088
13606864,1880
13609660,1939
13612360,2185
13615064,2138
13617856,2254
13620560,2230
13623260,1830
13625960,2135
13628660,1934
13631356,2169
13634064,2136
13636860,1947
13639552,2237
13642256,2089
13644964,1919
13647660,2190
13650452,1914
13653152,2225
13655860,1983
13658560,1869
13661352,2229
13664060,1965
13666760,2035
13669460,2242
13672156,2238
13674856,2172
13677560,2128
13680356,1967
13683056,2188
13685752,1952
13688452,1897
13691152,2224
13693860,2154
13696564,1975
13699356,2216
13702064,2230
13704764,1976
13707464,2068
13710252,2240
13712964,1952
13715752,1968
13718460,2253
13721160,1897
13723864,2234
13726652,1939
13729352,2223
13732056,1896
13734760,2227
13737464,1925
13740256,1940
13742964,2175
13745664,2149
13748460,1966
13751156,2226
13753856,2139
13756560,2091
13759256,1975
13761968,2187
13764668,2137
13767452,1946
13770152,1990
13772764,1976
13775560,2228
13778264,1948
13780956,1975
13783668,1855
13786460,1948
13789156,1926
13791856,1897
13794652,1948
13797360,1920
13800060,1998
13802760,2222
13805456,1868
13808156,2134
13810860,1961
13813556,1993
13816340,2139
13819064,2186
13821664,2161
13824364,1946
13827068,2241
13829840,2179
13832468,2266
13835252,2190
13837956,2023
13840656,1968
13843360,2140
13846064,2228
13848852,1963
13851556,2198
13854256,1786
13856960,1889
13859664,1899
13862364,2149
13865160,1930
13867852,1951
13870556,1941
13873256,2249
13875964,1927
13878664,2085
13881460,1852
13884152,1955
13886856,1981
13889564,1916
13892352,2040
13895056,2251
13897840,1978
13900452,2253
13903156,2230
13905864,1985
13908564,2249
13911264,2185
13914052,2116
13916756,1917
13919460,2226
13922156,1880
13924860,2036
13927652,2250
13930360,2256
13933060,2115
13935760,2161
13938456,2188
13941164,1872
13943960,2033
13946656,1804
13949364,2109
13952160,2138
13954864,2241
13957564,2004
13960356,2136
13963064,2177
13965756,2250
13968540,1949
13971164,1994
13973856,1998
13976560,1884
13979252,2198
13981956,2145
13984660,1808
13987352,1907
13990068,1961
13992764,1890
13995560,2168
13998260,2166
14000956,2039
14003752,2051
14006464,1807
14009160,1854
14011952,1969
14014664,1919
14017360,1859
14020064,1854
14022856,2183
14025564,2193
14028264,1901
14031060,2139
14033664,2055
14036456,2128
14039160,1870
14041856,2137
14044556,1958
14047268,2182
14050056,1866
14052756,2221
14055552,1976
14058260,2016
14060960,2195
14063756,2126
14066452,2231
14069164,2134
14071840,2241
14074552,2230
14077256,1982
14079964,2049
14082668,1941
14085460,1814
14088164,2053
14090856,1940
14093556,2035
14096260,1899
14098868,1988
14101660,1961
14104352,1945
14107056,1867
14109768,2149
14112464,2147
14115256,2181
14118052,2144
14120656,1958
14123356,2178
14126060,2187
14128760,2093
14131552,2011
14134164,2066
14136960,2183
14139660,2291
14142356,1950
14145056,1903
14147852,1963
14150560,1892
14153260,2023
14155960,1969
14158656,1872
14161452,2207
14164140,1932
14166856,2236
14169556,2041
14172260,1809
14174956,2245
14177560,2149
14180264,1984
14182968,1993
14185760,2207
14188452,2012
14191156,1926
14193952,2206
14196660,2240
14199360,2051
14202152,2210
14204860,2134
14207552,1951
14210256,2121
14212964,1922
14215664,1995
14218460,2199
14221156,1942
14223856,2042
14226560,2157
14229256,2154
14231956,2007
14234660,2175
14237356,2213
14240060,2174
14242764,2141
14245556,2248
14248260,2141
14250952,1893
14253656,1969
14256452,2032
14259064,2231
14261852,2237
14264552,2134
14267164,1885
14269960,1840
14272660,1890
14275264,1981
14277964,1937
14280740,2072
14283464,1983
14286156,2223
14288860,1946
14291652,2060
14294356,2045
14297064,1951
14299860,1870
14302564,1979
14305260,1957
14307960,2046
14310660,2062
14313364,1971
14316160,1981
14318864,2001
14321652,1981
14324356,1948
14327060,1909
14329756,1974
14332540,1960
14335252,2002
14337960,1937
14340664,2123
14343456,2150
14346152,2141
14348864,1899
14351640,2301
14354356,2215
14357056,2207
14359760,1910
14362464,2037
14365260,1867
14367964,1967
14370660,2269
14373452,2120
14376152,2232
14378860,2210
14381564,2235
14384352,1976
14387060,2237
14389764,1935
14392556,1914
14395264,2143
14397964,1881
14400760,1933
14403456,1894
14406060,1937
14408852,1955
14411556,2104
14414260,1923
14416960,1784
14419652,1982
14422352,1975
14424964,2132
14427760,2029
14430460,1944
14433156,2088
14435856,2146
14438568,1875
14441352,2227
14444052,1957
14446764,2201
14449460,1997
14452252,2234
14454940,1816
14457656,2242
14460356,2207
14463068,1992
14465764,2052
14468456,2134
14471160,2048
14473864,2133
14476560,2101
14479264,2220
14482060,2219
14484752,2043
14487456,1981
14490156,2127
14492952,1971
14495656,2231
14498360,1886
14501060,1915
14503752,1966
14506456,2154
14509156,1904
14511864,2170
14514564,2134
14517360,1923
14520052,2053
14522756,2118
14525540,1928
14528164,1883
14530864,1883
14533560,1791
14536356,2061
14539056,1900
14541760,2045
14544556,2258
14547256,1816
14549960,1986
14552752,2137
14555456,1952
14558140,1967
14560864,1957
14563640,1985
14566260,1987
14569056,1910
14571756,2196
14574464,1957
14577156,2145
14579856,1961
14582564,1964
14585264,2119
14588056,2213
14590764,2200
14593464,1941
14596260,1867
14598964,1943
14601664,2134
14604460,1972
14607164,2223
14609868,1970
14612660,1884
14615356,2266
14618152,2231
14620864,1956
14623560,1971
14626352,1798
14629052,2239
14631668,1986
14634464,1869
14637164,2033
14639952,1970
14642656,2064
14645360,1886
14648052,2209
14650660,1896
14653356,2187
14656060,1948
14658852,2010
14661560,1888
14664264,1858
14666960,2227
14669664,1798
14672460,1986
14675160,2087
14677856,1898
14680652,1933
14683352,1946
14686060,1952
14688764,2224
14691552,1973
14694260,1969
14696960,1976
14699652,1823
14702356,2095
14705060,1952
14707856,1967
14710560,1830
14713256,2126
14716052,2034
14718664,1860
14721464,2162
14724164,2175
14726952,1999
14729664,2201
14732264,1868
14735060,1803
14737752,2234
14740460,1955
14743152,2138
14745856,2211
14748560,1965
14751260,1896
14753964,2139
14756668,1970
14759460,1976
14762164,1951
14764868,1974
14767660,1949
14770364,2131
14773060,2212
14775852,1971
14778564,1970
14781260,2219
14784052,2007
14786752,2178
14789364,2221
14792160,2148
14794860,2214
14797556,2135
14800260,1891
14803052,1987
14805664,1875
14808456,2271
14811252,1847
14813864,1977
14816660,1942
14819360,1832
14822056,2011
14824756,1920
14827460,2222
14830156,1917
14832856,1931
14835560,1963
14838264,1969
14840968,1974
14843752,1925
14846456,1959
14849160,1878
14851864,2061
14854552,2085
14857264,1872
14859960,1948
14862660,2231
14865356,1945
14868056,2208
14870852,2102
14873560,2048
14876264,2180
14878960,1983
14881664,2097
14884460,2022
14887160,2073
14889856,2075
14892564,2003
14895360,1956
14898056,2134
14900756,1816
14903552,2255
14906164,2214
14908864,1974
14911660,1972
14914356,2107
14917056,2273
14919852,1952
14922464,1969
14925256,1948
14927940,2179
14930664,2229
14933356,2047
14936060,2162
14938764,1887
14941560,1925
14944256,1933
14946956,1928
14949660,2204
14952356,1962
14955056,1878
14957852,2161
14960560,2056
14963264,1956
14965960,1945
14968664,2185
14971460,2222
14974164,2180
14976952,1966
14979652,2230
14982356,1945
14985064,2030
14987764,1959
14990560,2203
14993256,2191
14995964,1960
14998760,2252
15001456,1897
15004252,2080
15006952,1987
15009564,1832
15012360,1952
15015064,1939
15017852,1915
15020556,2129
15023256,2129
15025952,2175
15028656,2030
15031452,2009
15034160,2177
15036864,2126
15039656,2177
15042352,1986
15045056,1895
15047852,2174
15050560,1943
15053260,1980
15056052,1946
15058760,2136
15061460,2198
15064256,2208
15066964,1849
15069664,2182
15072460,1985
15075160,2152
15077952,1854
15080656,1981
15083360,1929
15086064,2253
15088756,1967
15091464,1907
15094164,2199
15096960,2214
15099656,2050
15102368,2092
15105152,2066
15107856,2277
15110556,1976
15113352,2142
15116060,1797
15118764,2154
15121552,2206
15124164,2263
15126960,2122
15129660,1977
15132356,1900
15135060,2139
15137752,1999
15140364,1978
15143156,2259
15145864,1868
15148568,1880
15151352,2138
15154060,1969
15156764,1916
15159560,1829
15162256,1887
15164956,1962
15167752,2183
15170460,1972
15173152,2020
15175856,2203
15178560,1891
15181252,1909
15183968,1889
15186652,2110
15189356,2149
15192152,2077
15194840,2228
15197552,1961
15200268,2208
15202952,1897
15205652,1926
15208264,2170
15211060,1971
15213764,2157
15216552,2088
15219256,2181
15221956,2217
15224664,1973
15227364,1903
15230160,1920
15232856,2206
15235560,2173
15238356,1992
15241060,2133
15243752,1962
15246456,2180
15249152,2185
15251856,1928
15254640,1944
15257252,1910
15259960,2026
15262664,2247
15265364,2104
15268064,1886
15270852,1917
15273556,1864
15276260,2224
15278956,2227
15281740,2137
15284452,1969
15287156,2151
15289860,2237
15292564,2000
15295352,1908
15298060,1987
15300760,2029
15303456,1874
15306252,2010
15308964,2270
15311660,2143
15314456,2092
15317160,1989
15319764,1999
15322560,1921
15325260,1996
15327864,2080
15330564,2154
15333352,1801
15336056,2184
15338760,1998
15341468,1946
15344252,2053
15346956,1943
15349664,1874
15352440,2165
15355152,2224
15357864,1934
15360640,1848
15363360,1964
15366064,2082
15368764,2082
15371556,2007
15374260,2233
15376964,1864
15379664,1893
15382440,2218
15385164,1834
15387940,2152
15390656,2192
15393360,1916
15396060,2208
15398756,1935
15401540,1970
15404252,2000
15406956,1957
15409656,2192
15412452,2182
15415156,1964
15417860,1935
15420560,2025
15423256,1993
15425956,1992
15428740,2231
15431456,2232
15434160,1963
15436860,1953
15439556,1991
15442256,1949
15444960,2222
15447756,2163
15450456,1825
15453164,2248
15455856,2040
15458556,1922
15461264,2041
15463964,2012
15466760,2202
15469456,1821
15472164,2133
15474960,1875
15477656,1953
15480368,1982
15483152,1989
15485856,2145
15488560,2044
15491356,1886
15494060,1886
15496752,2176
15499456,1949
15502164,2042
15504864,1965
15507660,1860
15510356,1974
15513060,2142
15515760,2192
15518468,2169
15521252,2240
15523952,2177
15526660,1977
15529360,2156
15532156,1994
15534864,2041
15537564,2277
15540360,1919
15543060,2030
15545764,1951
15548556,2231
15551264,1950
15554040,1979
15556752,1939
15559460,1848
15562164,2105
15564956,1935
15567664,1921
15570364,1983
15573160,1990
15575852,1963
15578556,1880
15581352,1950
15583964,1855
15586760,2201
15589464,1991
15592252,2186
15594952,1958
15597740,1984
15600356,2126
15603056,2229
15605852,2064
15608464,2136
15611260,2232
15613964,2204
15616752,2180
15619452,2131
15622164,2040
15624860,1998
15627656,2022
15630452,1960
15633064,2092
15635860,2043
15638560,2191
15641268,2255
15644064,2224
15646764,2052
15649440,1972
15652160,2072
15654764,2115
15657560,2150
15660260,2128
15662968,2227
15665752,2034
15668456,1927
15671160,2258
15673856,2179
15676556,2137
15679160,2208
15681956,2136
15684656,2228
15687352,1956
15690056,1912
15692760,2130
15695452,2254
15698156,2000
15700860,1982
15703552,1962
15706256,2207
15708952,2029
15711656,1838
15714452,1910
15717160,2177
15719864,2211
15722656,1976
15725356,1935
15728056,1879
15730852,1945
15733464,1883
15736260,1923
15738964,2130
15741740,1976
15744464,1925
15747164,1986
15749952,1977
15752652,2219
15755364,2177
15758064,1986
15760860,1962
15763560,2192
15766256,1960
15768956,2190
15771756,1956
15774368,2155
15777164,1893
15779864,2197
15782652,2242
15785352,1841
15788064,2037
15790760,1914
15793460,2191
15796164,1888
15798864,1935
15801660,2243
15804352,2152
15807056,2055
15809760,2006
15812456,2164
15815156,1962
15817952,1933
15820656,1997
15823264,1971
15826060,1897
15828756,1969
15831468,1936
15834264,2262
15836960,1929
15839660,1955
15842364,1851
15845152,2124
15847864,2087
15850568,2190
15853356,2101
15856056,1986
15858756,2218
15861452,1954
15864156,2105
15866864,2232
15869660,1965
15872364,1940
15875056,2177
15877852,2162
15880552,1835
15883260,1957
15885960,1919
15888756,1996
15891552,1904
15894164,2235
15896960,1976
15899660,2137
15902360,1938
15905060,2004
15907756,1878
15910552,1977
15913252,2185
15915864,2120
15918660,2259
15921440,1904
15924156,1936
15926856,2246
15929560,2050
15932256,1974
15934964,1925
15937760,2176
15940456,1929
15943252,1769
15945952,2254
15948660,2240
15951364,1908
15954056,2137
15956764,1970
15959552,1976
15962264,1949
15964960,1784
15967756,2265
15970460,2179
15973160,1975
15975956,1938
15978656,1955
15981352,1962
15984056,2121
15986764,1979
15989556,2185
15992260,2240
15995052,2025
15997668,1901
16000464,1903
16003164,1972
16005868,2199
16008660,2034
16011360,1902
16014052,1979
16016756,2290
16019464,1847
16022160,1988
16024860,1878
16027556,1941
16030264,1958
16033060,2195
16035752,2187
16038360,2257
16041152,1867
16043860,2233
16046560,2004
16049352,1972
16052060,2248
16054760,2064
16057552,2024
16060260,2242
16062960,1911
16065660,2168
16068356,2185
16071064,1944
16073860,1944
16076564,2091
16079264,1969
16082060,2040
16084764,2093
16087464,1963
16090256,2179
16092960,1962
16095660,1985
16098456,2172
16101160,1886
16103852,2132
16106560,1918
16109256,1964
16111956,1945
16114664,1904
16117356,2302
16120056,1941
16122752,2249
16125464,2136
16128252,1980
16130956,2005
16133656,1849
16136356,2187
16139064,1906
16141756,1936
16144468,1831
16147164,1951
16149960,1939
16152752,1850
16155368,1950
16158152,1961
16160864,1984
16163464,1771
16166256,2156
16168952,2178
16171656,2255
16174356,1906
16177052,1898
16179660,1912
16182360,2158
16185056,1948
16187756,1865
16190460,2128
16193160,1926
16195860,2210
16198556,2140
16201256,2247
16204052,2055
16206756,2169
16209460,1910
16212160,1941
16214856,2097
16217652,1936
16220364,1957
16223056,1829
16225852,1994
16228552,2135
16231260,1916
16233960,1957
16236660,1917
16239360,2272
16242152,2108
16244864,1889
16247560,2167
16250356,2183
16253056,1961
16255764,1862
16258468,2243
16261260,2230
16263956,1946
16266664,1925
16269460,1860
16272156,2288
16274856,2014
16277652,1979
16280264,1971
16282964,2188
16285748,1978
16288464,2124
16291156,1955
16293864,2013
16296564,1870
16299264,1912
16302052,1901
16304756,1995
16307552,2149
16310260,1966
16312964,1970
16315756,2129
16318452,1965
16321156,2117
16323860,2025
16326564,1905
16329264,1930
16332060,2240
16334756,1914
16337460,1931
16340160,2217
16342856,2233
16345652,2088
16348364,1898
16351060,1958
16353760,2133
16356556,2200
16359264,1965
16361964,2133
16364760,1991
16367456,2229
16370252,2153
16372956,1959
16375652,2195
16378356,1873
16381060,2042
16383756,1975
16386464,2183
16389160,2239
16391852,1945
16394564,2000
16397256,1936
16399952,2223
16402652,2137
16405356,1802
16408056,1962
16410764,1856
16413460,1929
16416240,2223
16418960,2138
16421664,2260
16424356,1804
16427064,1967
16429760,2130
16432460,1990
16435164,1899
16437864,1989
16440652,1982
16443264,2167
16446056,1967
16448756,1811
16451460,2017
16454160,1938
16456860,1831
16459552,2276
16462256,1905
16464864,1879
16467660,2220
16470360,1868
16473052,2126
16475756,2033
16478456,2226
16481160,1937
16483864,1935
16486652,2170
16489356,2191
16492056,1943
16494840,1973
16497552,2168
16500252,1945
16502964,1873
16505660,2128
16508452,2208
16511140,1940
16513760,1934
16516460,2251
16519164,1936
16521956,1907
16524656,2268
16527352,2048
16530052,1876
16532752,2110
16535364,1972
16538160,2076
16540860,2135
16543552,2131
16546256,1937
16548964,1834
16551740,1776
16554460,2248
16557164,1895
16559864,2228
16562660,1920
16565364,2223
16568056,1916
16570852,1947
16573468,1882
16576252,1807
16578952,1969
16581664,1966
16584360,1916
16587060,1897
16589764,2039
16592460,1900
16595164,1916
16597860,1818
16600652,2171
16603352,1829
16606056,1984
16608664,2142
16611456,1955
16614160,2205
16616864,1942
16619564,2152
16622352,2183
16625064,2180
16627664,2165
16630460,2211
16633140,2029
16635760,1959
16638556,2036
16641256,1971
16643960,2041
16646660,1983
16649360,2201
16652056,1846
16654756,1906
16657468,2134
16660140,1894
16662860,2235
16665556,2135
16668260,2137
16670960,2128
16673652,1951
16676364,2244
16679064,2068
16681852,2211
16684564,1987
16687252,1926
16689956,2072
16692660,2224
16695452,2126
16698156,2143
16700856,1943
16703568,2033
16706356,2193
16709056,2134
16711768,1938
16714552,1959
16717264,2171
16719964,1871
16722752,2238
16725464,2078
16728164,1868
16730952,2161
16733664,2168
16736364,1971
16739140,2181
16741864,2146
16744552,1962
16747164,2227
16749960,1939
16752660,1963
16755352,2172
16758056,2106
16760668,2144
16763460,2218
16766164,1832
16768952,1995
16771652,2236
16774356,2159
16777060,1958
16779764,1985
16782456,2205
16785160,2244
16787864,1911
16790564,1889
16793352,2011
16796056,1915
16798768,2023
16801460,1996
16804164,2091
16806856,1995
16809552,2249
16812256,1970
16814960,2227
16817660,1997
16820364,2169
16823056,2014
16825764,2251
16828556,2274
16831252,2031
16833964,2222
16836664,2008
16839360,1915
16842060,2235
16844752,2215
16847456,1914
16850156,2169
16852864,2134
16855552,1901
16858268,2146
16860960,2186
16863660,2199
16866456,2187
16869160,2214
16871864,2206
16874656,1965
16877360,1939
16880064,1962
16882764,2184
16885456,1897
16888156,1996
16890864,2237
16893656,2132
16896360,1964
16899060,2122
16901764,1960
16904552,1974
16907260,1946
16909960,1914
16912660,2155
16915356,1917
16918064,1957
16920860,2217
16923564,2256
16926264,2235
16929060,1793
16931752,2261
16934456,1945
16937168,2224
16939952,1920
16942656,1949
16945452,1767
16948060,2183
16950760,1835
16953460,1959
16956156,1953
16958952,2222
16961664,2254
16964360,1967
16967140,2140
16969768,1897
16972552,1879
16975256,1942
16977968,2135
16980664,1954
16983456,2030
16986252,2206
16988864,1951
16991556,2111
16994264,1952
16996956,2178
16999656,1965
17002352,2131
17005052,2122
17007764,1955
17010460,1812
17013252,1960
17015964,2231
17018660,2144
17021456,2094
17024160,2000
17026852,2086
17029564,1893
17032264,1973
17035052,1935
17037756,1972
17040552,1897
17043152,2051
17045864,2259
17048560,2137
17051352,2153
17054064,1892
17056760,1977
17059364,2185
17062160,2153
17064864,1979
17067564,1957
17070360,2209
17073052,2215
17075756,1964
17078468,2094
17081252,1967
17083952,2197
17086656,2090
17089360,2160
17092064,2266
17094856,2073
17097552,2222
17100264,2236
17103052,2160
17105664,2216
17108456,2113
17111160,1938
17113856,1886
17116464,2057
17119168,2000
17121964,2014
17124664,2227
17127360,2020
17130152,1906
17132852,2230
17135560,2004
17138260,2015
17141056,1859
17143740,2034
17146464,2081
17149240,1953
17151956,2210
17154660,2007
17157452,1989
17160160,2176
17162860,2218
17165564,1961
17168352,1969
17171064,2200
17173852,1906
17176556,1925
17179260,2214
17181960,1888
17184564,1943
17187356,2153
17190060,2139
17192756,2134
17195552,1992
17198252,1948
17200960,1899
17203664,1816
17206456,1944
17209160,2196
17211860,1981
17214560,1951
17217264,2171
17220060,1835
17222760,1803
17225456,2169
17228156,2193
17230952,2163
17233656,1965
17236356,2104
17239152,2272
17241764,2150
17244556,2131
17247352,2076
17249964,2130
17252760,1974
17255460,1866
17258156,1923
17260856,2234
17263560,2208
17266252,2188
17268956,2186
17271660,2152
17274364,1989
17277160,1866
17279760,1892
17282556,1916
17285260,1927
17287952,2089
17290652,2079
17293364,2220
17296060,1974
17298760,1978
17301452,2129
17304156,1976
17306952,1937
17309656,1878
17312360,1885
17315152,2053
17317768,1912
17320560,1946
17323264,2237
17326052,1961
17328756,2000
17331456,2127
17334140,1946
17336864,1966
17339564,2222
17342352,2225
17345056,2148
17347852,1931
17350556,2042
17353260,2126
17355960,1869
17358656,1965
17361440,2246
17364160,1966
17366764,2217
17369560,2149
17372264,1961
17374956,2239
17377752,1893
17380464,2185
17383160,2250
17385952,1967
17388656,2128
17391340,2003
17394052,2130
17396764,2278
17399460,2127
17402256,1901
17405052,2240
17407668,1991
17410452,2213
17413164,2259
17415860,2284
17418560,1890
17421252,2128
17423964,1963
17426740,2071
17429456,1940
17432156,1960
17434856,2254
17437552,2200
17440252,2212
17442964,2163
17445660,2034
17448452,2265
17451164,2154
17453860,2200
17456656,1978
17459356,2222
17462064,1990
17464756,1866
17467468,1792
17470164,2229
17472856,2159
17475560,2072
17478352,1918
17481056,2240
17483760,1963
17486552,1881
17489256,2209
17491960,1932
17494652,2215
17497356,2188
17500060,1957
17502756,2030
17505456,2141
17508164,2093
17510864,1925
17513660,1976
17516356,1943
17519056,2132
17521760,2223
17524456,2028
17527156,2204
17529952,1986
17532568,2129
17535360,2181
17538064,1861
17540852,2080
17543552,2248
17546164,1999
17548864,2226
17551564,1959
17554352,1923
17557056,1961
17559756,2213
17562464,2174
17565164,1996
17567960,1969
17570656,2043
17573360,1978
17576060,1952
17578756,2145
17581460,1929
17584160,1989
17586856,2169
17589560,1924
17592252,1951
17594956,2090
17597756,1958
17600452,2230
17603164,2030
17605856,2127
17608560,1967
17611264,2208
17614052,1875
17616756,2104
17619456,1904
17622168,1954
17624860,2120
17627652,1902
17630364,2261
17633064,2234
17635856,2188
17638560,2000
17641252,1950
17643956,1968
17646740,2228
17649352,1911
17652056,1972
17654760,1894
17657552,2125
17660256,1977
17662960,1895
17665664,2240
17668360,2215
17671064,1977
17673764,1894
17676560,2201
17679256,1946
17681956,2202
17684752,1997
17687364,2167
17690160,1902
17692864,1964
17695560,1862
17698352,2203
17701064,2220
17703760,2228
17706552,2130
17709256,1905
17711960,1887
17714652,2246
17717356,1863
17720040,2227
17722752,1942
17725464,1869
17728156,2193
17730856,1989
17733564,1948
17736356,1892
17739060,1997
17741764,1992
17744464,2051
17747260,2195
17749964,1872
17752740,2135
17755452,2135
17758160,2189
17760860,2027
17763564,1964
17766352,2231
17769056,2136
17771852,1950
17774556,1959
17777260,1981
17779960,2033
17782656,2232
17785356,2247
17788060,1964
17790756,1909
17793460,1891
17796252,1917
17798960,1927
17801660,1872
17804456,1848
17807160,1936
17809856,1913
17812540,2182
17815264,1919
17817956,2245
17820660,1949
17823352,1929
17826056,1881
17828760,1881
17831452,1956
17834168,2203
17836852,2149
17839556,2169
17842340,2203
17845056,1984
17847760,1973
17850460,1940
17853156,1955
17855952,1959
17858668,2025
17861360,1956
17864156,2223
17866860,1963
17869552,1945
17872256,1987
17874964,2134
17877664,2122
17880460,2237
17883160,1986
17885868,2182
17888652,1966
17891364,1845
17894060,1979
17896760,1980
17899464,1951
17902264,1943
17904956,2205
17907664,1938
17910364,1891
17913140,1960
17915856,2244
17918560,2089
17921356,2112
17924064,2017
17926764,2267
17929468,2119
17932160,1943
17934952,1830
17937656,1913
17940360,2143
17943052,1925
17945764,2221
17948460,2135
17951140,2231
17953764,1910
17956556,2190
17959260,2138
17961964,2021
17964664,2138
17967460,1939
17970156,2187
17972952,1978
17975664,2084
17978360,1959
17981156,1993
17983856,1833
17986552,2005
17989256,1938
17991956,1959
17994652,2179
17997260,1964
18000056,2124
18002760,1899
18005464,1941
18008260,1930
18010956,2130
18013656,1880
18016452,1901
18019160,2012
18021864,1864
18024652,1996
18027356,2119
18030056,1967
18032756,1859
18035464,2216
18038156,2248
18040868,2257
18043564,1932
18046260,2126
18048964,2098
18051756,1899
18054364,1920
18057152,2175
18059852,1935
18062556,1949
18065260,1944
18067964,2024
18070756,2006
18073452,2219
18076164,2009
18078864,1913
18081652,1962
18084364,2136
18087052,2130
18089760,1959
18092460,1964
18095252,1883
18097960,2201
18100660,1850
18103456,2140
18106140,1983
18108864,2170
18111564,2245
18114352,1868
18117052,1953
18119768,2124
18122464,1956
18125156,2246
18127860,2218
18130564,1975
18133356,1999
18136068,2228
18138756,2148
18141460,2137
18144156,1949
18146856,2021
18149556,2221
18152252,2082
18154956,2185
18157752,1954
18160364,2142
18163160,2130
18165864,1961
18168652,2033
18171352,1977
18174056,1894
18176756,2176
18179456,1979
18182164,1989
18184952,2202
18187656,1964
18190368,1940
18193152,2182
18195856,1974
18198568,1979
18201356,1860
18204056,2144
18206852,1829
18209556,2124
18212260,1898
18214960,2162
18217560,1966
18220356,1984
18223064,2229
18225764,1938
18228560,1985
18231256,1992
18233960,2217
18236756,2179
18239464,1908
18242168,1983
18244960,2145
18247656,2221
18250452,2206
18253164,2087
18255860,1872
18258652,2078
18261356,1991
18264052,2034
18266752,2292
18269456,2217
18272164,1904
18274856,2032
18277556,2203
18280252,1918
18282956,2119
18285668,2030
18288456,1944
18291156,1917
18293860,2245
18296556,1914
18299352,2197
18302064,2244
18304752,1942
18307456,1992
18310252,2071
18312864,2191
18315660,2001
18318364,2134
18321152,2134
18323856,2199
18326640,1965
18329252,2137
18331960,2199
18334652,2115
18337356,1990
18340060,2174
18342764,1958
18345560,1958
18348340,1961
18351056,1969
18353760,2155
18356460,2122
18359156,2250
18361952,1892
18364652,1942
18367356,1990
18370052,1972
18372752,2052
18375364,1940
18378160,2036
18380860,2044
18383556,2250
18386256,1874
18388868,1934
18391660,1939
18394368,2038
18397156,1972
18399764,2136
18402560,1968
18405264,1929
18407964,2095
18410760,1939
18413456,2210
18416240,2022
18418952,1957
18421656,1875
18424360,2188
18427060,1939
18429756,2137
18432552,1954
18435264,1905
18437956,2196
18440740,2183
18443460,1926
18446156,2044
18448856,1970
18451564,1937
18454352,1948
18457064,2138
18459752,1994
18462364,2244
18465160,1957
18467860,2036
18470556,1949
18473256,1997
18475960,1957
18478752,2227
18481456,2020
18484160,1856
18486860,2274
18489560,2191
18492264,1998
18495060,2149
18497764,2224
18500464,2123
18503260,2194
18505952,1792
18508660,1937
18511364,2230
18514156,1951
18516860,2143
18519552,2144
18522256,2237
18524960,1968
18527664,2215
18530456,1943
18533164,1916
18535940,1975
18538664,1906
18541360,1962
18544152,2209
18546864,1808
18549560,2116
18552356,1866
18555056,1894
18557752,1953
18560456,1917
18563164,1939
18565860,1893
18568656,2248
18571356,2215
18574060,1905
18576764,2098
18579464,2055
18582252,1982
18584952,1943
18587668,2246
18590364,1928
18593064,1912
18595856,2187
18598564,2161
18601252,2172
18603960,2227
18606660,1941
18609360,1986
18612056,1927
18614756,1962
18617468,2128
18620256,1915
18622956,1919
18625660,2179
18628356,2124
18631140,1874
18633864,1897
18636560,2253
18639356,1961
18642060,1944
18644752,1864
18647456,1879
18650140,2045
18652864,1966
18655564,1871
18658240,2084
18660964,2174
18663740,2133
18666456,2115
18669064,2222
18671856,2180
18674564,2193
18677340,2191
18680052,2048
18682664,1996
18685460,2008
18688160,1949
18690856,1958
18693556,2230
18696268,1901
18699052,2212
18701756,2131
18704468,2053
18707164,1993
18709960,1879
18712660,1925
18715364,1959
18718160,2229
18720864,2158
18723652,2140
18726352,2204
18729068,1883
18731764,1989
18734464,1990
18737260,2074
18739956,2017
18742664,2103
18745460,2274
18748156,2136
18750764,2188
18753556,2210
18756252,1984
18758956,2136
18761660,2238
18764456,1950
18767160,1993
18769852,2119
18772556,2131
18775352,2188
18778060,2150
18780756,2243
18783456,1813
18786164,1850
18788868,1953
18791652,1908
18794360,2059
18797064,1923
18799856,2048
18802564,2108
18805264,1993
18808060,2079
18810664,1967
18813456,2252
18816160,2183
18818856,1880
18821560,1968
18824352,2230
18826964,2139
18829760,1935
18832464,1997
18835160,1842
18837956,2193
18840660,2093
18843356,2270
18846056,1963
18848760,1946
18851464,2244
18854156,2025
18856864,2208
18859564,1915
18862360,2168
18865056,1833
18867840,2045
18870540,2174
18873256,1969
18875960,1869
18878660,2156
18881356,2227
18884060,2268
18886760,2099
18889456,1990
18892156,2159
18894952,1939
18897660,1927
18900360,1876
18903156,1815
18905860,2129
18908552,2169
18911268,1979
18913952,1997
18916656,1920
18919360,1831
18922064,1839
18924852,2125
18927460,1895
18930256,2149
18932960,2134
18935656,1946
18938440,2131
18941152,2143
18943860,2262
18946564,2264
18949360,2290
18952064,1968
18954764,1902
18957560,2187
18960256,2213
18963052,2240
18965752,1934
18968364,2152
18971160,1919
18973864,2154
18976652,2055
18979356,2082
18982056,2085
18984752,2045
18987456,1931
18990252,1963
18992960,2234
18995664,2259
18998456,1946
19001152,1950
19003856,2137
19006652,1999
19009360,2135
19011968,2218
19014760,2192
19017460,2215
19020252,1925
19022952,2048
19025660,2269
19028352,2130
19031152,2137
19033764,1955
19036468,1830
19039260,1862
19041960,2027
19044660,2045
19047356,1971
19049960,2268
19052756,2162
19055460,2140
19058164,2082
19060960,1972
19063652,1908
19066356,1893
19069156,2198
19071860,1941
19074564,1933
19077360,2140
19080056,2197
19082764,2149
19085560,2227
19088256,2034
19090960,1975
19093660,2181
19096356,1939
19099060,2249
19101764,2129
19104460,2199
19107160,1989
19109864,1906
19112664,1912
19115356,1888
19118064,2239
19120860,2248
19123564,2108
19126260,1971
19129056,2233
19131760,2119
19134456,2064
19137252,1896
19139956,2224
19142752,1815
19145440,1993
19148152,1951
19150952,2216
19153564,2164
19156352,1943
19159064,1969
19161764,1899
19164464,2170
19167260,1922
19169960,1904
19172660,1973
19175364,1936
19178068,1971
19180864,1896
19183560,2130
19186264,2177
19189060,1940
19191760,1965
19194556,1921
19197260,1887
19199964,1846
19202764,2219
19205456,1910
19208160,1910
19210864,1989
19213640,1818
19216356,1939
19219056,1962
19221852,2144
19224464,2139
19227260,2109
19229960,1979
19232656,2126
19235368,1930
19238160,1970
19240760,2144
19243556,1942
19246260,1877
19248956,2253
19251752,2104
19254368,1967
19257156,1896
19259856,2159
19262652,2145
19265360,1972
19268060,2150
19270760,1943
19273456,1975
19276240,2237
19278964,2133
19281564,2235
19284360,1941
19287064,2177
19289840,2012
19292564,2060
19295264,2255
19298052,2024
19300752,1985
19303468,2220
19306164,2274
19308960,1971
19311660,1936
19314440,2248
19317164,2105
19319864,2222
19322656,1926
19325356,2094
19328060,2081
19330756,2067
19333456,1817
19336160,1998
19338956,1920
19341656,2180
19344364,2056
19347156,1945
19349764,2191
19352552,2251
19355256,1893
19358052,1975
19360664,1968
19363364,2214
19366160,2148
19368856,2109
19371564,2200
19374360,2220
19377056,2044
19379852,1972
19382552,1991
19385164,2241
19387960,2248
19390660,1913
19393360,1903
19396152,2145
19398856,2248
19401552,1928
19404256,2008
19406956,1962
19409652,2001
19412356,2125
19415152,1923
19417764,2143
19420560,2232
19423264,2222
19426052,1835
19428756,1921
19431456,1860
19434164,1949
19436856,2252
19439564,1914
19442264,2243
19445060,1944
19447760,1946
19450460,2235
19453252,2126
19455960,1976
19458656,2128
19461356,1904
19464040,2011
19466764,1950
19469452,1973
19472156,2214
19474860,1944
19477652,1984
19480360,1971
19483060,1986
19485856,1899
19488564,2185
19491256,2121
19493940,2114
19496652,2079
19499356,1966
19502060,2218
19504860,2017
19507560,2167
19510256,1866
19512960,1912
19515660,2005
19518360,2177
19521152,1915
19523856,2137
19526564,1874
19529264,1956
19532052,2196
19534760,1979
19537464,2192
19540260,1971
19542860,2007
19545656,1890
19548356,2086
19551064,1945
19553764,1875
19556560,2247
19559260,2142
19562052,1992
19564752,1894
19567452,1978
19570164,1962
19572952,2023
19575660,2241
19578364,1807
19581160,1970
19583760,2046
19586556,1974
19589260,1998
19591956,2051
19594740,1936
19597452,1936
19600064,1977
19602764,2006
19605548,2102
19608252,2012
19610956,2195
19613660,1943
19616352,1888
19619056,1987
19621764,1990
19624464,2278
19627252,2135
19629864,2144
19632660,1975
19635364,1936
19638140,1968
19640864,2264
19643556,2039
19646264,1884
19649052,1984
19651764,1966
19654464,2149
19657260,2107
19659964,2108
19662752,2148
19665452,1933
19668164,1945
19670764,1841
19673560,1955
19676260,2037
19678964,1902
19681760,1953
19684460,1967
19687156,2231
19689868,2166
19692660,1841
19695356,1924
19698056,2045
19700852,2057
19703456,1894
19706156,2172
19708852,2069
19711564,2153
19714352,1928
19717060,1938
19719760,1945
19722460,1946
19725156,1946
19727856,2120
19730652,1906
19733356,2033
19735964,2166
19738760,2227
19741452,2225
19744156,1972
19746864,2247
19749652,1970
19752356,1994
19755140,2138
19757756,1957
19760456,1881
19763164,2099
19765864,1949
19768656,2205
19771364,1870
19774064,1992
19776768,1987
19779552,2246
19782256,2177
19784956,2028
19787664,1938
19790364,2259
19793160,1847
19795856,1961
19798564,1993
19801360,2091
19804056,1848
19806760,1929
19809460,1953
19812064,1934
19814860,2260
19817560,2085
19820256,1945
19822956,2248
19825668,2060
19828456,1913
19831160,1900
19833864,1929
19836560,2253
19839356,1963
19842060,2218
19844752,1983
19847456,2136
19850164,1909
19852856,2228
19855556,1987
19858264,1984
19860964,1922
19863756,2009
19866452,1949
19869164,1818
19871864,1989
19874656,2115
19877260,2117
19880056,1954
19882760,2209
19885464,1916
19888256,2146
19890964,2261
19893664,1985
19896460,2139
19899060,1942
19901856,2162
19904652,2017
19907264,2210
19910060,2028
19912764,1970
19915552,1834
19918252,2205
19920864,2137
19923568,2194
19926364,2255
19929060,2281
19931856,1993
19934556,1843
19937252,1979
19939860,1997
19942656,2239
19945352,2233
19948056,1976
19950756,2000
19953452,2246
19956156,2194
19958952,1906
19961564,2136
19964352,1916
19967068,1917
19969764,1949
19972560,2176
19975260,1926
19977964,2173
19980760,1995
19983464,1779
19986252,2204
19988860,1957
19991656,2001
19994360,1905
19997052,1898
19999768,2148
20002452,2227
20005156,1903
20007852,1869
20010552,1990
20013252,2148
20015960,2205
20018664,2230
20021460,2194
20024152,1897
20026856,1921
20029640,2172
20032260,1794
20035052,2162
20037764,2148
20040440,2069
20043164,1906
20045864,1876
20048652,1893
20051356,2141
20054140,2216
20056752,1943
20059456,2114
20062164,2127
20064956,1860
20067660,2241
20070360,2020
20073152,2124
20075856,2240
20078560,1958
20081260,1938
20084056,1959
20086664,1947
20089460,2183
20092164,2173
20094952,1981
20097656,1913
20100356,2160
20103064,1951
20105752,1896
20108456,2244
20111164,2194
20113864,2011
20116660,2217
20119356,2168
20122152,2225
20124852,2221
20127560,1885
20130260,1941
20133056,1983
20135764,1887
20138464,1989
20141260,1876
20143860,2074
20146564,1942
20149356,1840
20152056,2077
20154760,2195
20157460,2025
20160156,2028
20162856,1939
20165560,1957
20168352,1884
20171056,1948
20173740,2139
20176464,2089
20179152,1849
20181860,2136
20184552,2196
20187256,2225
20189964,1880
20192740,1782
20195464,2141
20198160,2051
20200956,2198
20203656,1780
20206364,2093
20209140,2097
20211864,2138
20214560,2054
20217352,1910
20220056,1947
20222756,1934
20225460,2232
20228252,2149
20230864,2179
20233660,1907
20236364,1909
20239152,2170
20241856,2144
20244652,1979
20247356,2003
20250060,2013
20252760,1965
20255456,1901
20258160,1953
20260760,2091
20263556,1954
20266260,2129
20268956,2136
20271752,1880
20274456,1849
20277152,1870
20279856,2213
20282652,2083
20285264,2034
20288064,1913
20290840,1974
20293460,1815
20296256,2171
20298960,2263
20301656,1935
20304368,1929
20307160,1987
20309860,1987
20312560,1973
20315356,2138
20318052,1986
20320756,1962
20323552,1817
20326260,1984
20328952,1961
20331652,2130
20334264,2161
20337060,2258
20339760,2051
20342464,2174
20345260,1941
20347964,1997
20350660,2049
20353456,2029
20356252,1926
20358864,2264
20361660,2144
20364364,1917
20367152,1962
20369856,1797
20372652,1977
20375264,1944
20377964,2207
20380760,2234
20383456,1922
20386160,2170
20388856,2066
20391568,2106
20394364,2244
20397152,2261
20399860,2231
20402564,2201
20405264,2079
20408056,2137
20410756,2186
20413460,1943
20416156,1832
20418856,1937
20421564,2247
20424360,2151
20427052,2100
20429760,1950
20432460,1891
20435160,1954
20437952,2191
20440656,2215
20443452,1877
20446160,2050
20448864,1926
20451564,1891
20454352,1920
20457056,1959
20459760,1918
20462456,2245
20465160,2224
20467956,1964
20470656,1953
20473360,1953
20476156,2164
20478864,2227
20481652,2134
20484352,1934
20487052,1986
20489752,1946
20492464,1955
20495156,1918
20497868,2104
20500660,2232
20503364,1924
20506064,1804
20508856,2137
20511560,1965
20514260,2122
20516960,1937
20519656,1904
20522356,1926
20525140,2141
20527752,2272
20530452,2213
20533064,1932
20535856,1995
20538560,1960
20541264,1925
20543964,2173
20546760,1969
20549456,2139
20552156,1939
20554864,1985
20557560,1995
20560356,1889
20563056,1878
20565740,1953
20568464,1949
20571164,1849
20573860,1945
20576560,1907
20579264,2208
20582056,2049
20584760,1929
20587464,2199
20590256,1967
20592960,2167
20595664,2127
20598364,1967
20601156,1977
20603852,2199
20606564,1881
20609256,1909
20611940,2233
20614664,1970
20617364,2075
20620152,2171
20622852,2203
20625556,1980
20628252,2135
20630952,2234
20633740,2133
20636364,2259
20639160,2187
20641860,2130
20644564,2192
20647264,1782
20650056,1812
20652764,2221
20655456,1887
20658160,1889
20660864,1951
20663564,1986
20666268,1903
20669060,2244
20671764,1984
20674552,2183
20677256,1953
20679956,1944
20682664,1901
20685352,1983
20688064,1956
20690760,2089
20693552,2055
20696252,1992
20698960,1981
20701660,2249
20704456,1952
20707160,1873
20709852,2209
20712556,2134
20715264,2107
20717964,1993
20720760,1912
20723456,1963
20726252,2142
20728964,2202
20731660,2140
20734452,2091
20737164,1973
20739768,2255
20742560,1879
20745260,1903
20747968,2175
20750752,2220
20753464,2220
20756160,2139
20758860,1976
20761552,2025
20764256,1968
20766956,1827
20769664,2188
20772352,2154
20775056,1959
20777752,2235
20780456,2182
20783252,2145
20785864,2103
20788660,1955
20791364,2201
20794152,2020
20796852,1922
20799564,1985
20802264,2136
20804956,2187
20807660,1978
20810452,1982
20813164,1952
20815860,2248
20818560,2248
20821260,2130
20823956,1887
20826664,2138
20829460,2242
20832152,2212
20834856,1996
20837640,2088
20840356,2208
20843056,1948
20845768,2146
20848452,1886
20851164,2195
20853940,2110
20856560,1917
20859356,2014
20862056,1968
20864752,2233
20867456,2175
20870164,2138
20872952,1943
20875656,1933
20878452,1831
20881056,1854
20883756,1951
20886460,2184
20889256,2225
20891956,2236
20894664,1899
20897456,2141
20900160,1812
20902864,2133
20905656,2215
20908360,2035
20911052,2063
20913756,2136
20916456,2119
20919164,1952
20921864,1866
20924660,1954
20927260,1937
20930056,2174
20932760,1894
20935452,2171
20938156,1969
20940952,2015
20943656,2220
20946360,1922
20949152,2179
20951768,1949
20954564,1960
20957264,1965
20960052,2209
20962752,1991
20965468,2153
20968152,1994
20970856,1840
20973560,2143
20976260,1946
20978960,2239
20981656,2264
20984364,2137
20987156,2141
20989864,1896
20992564,2201
20995356,2209
20998060,2111
21000764,1935
21003552,2267
21006260,2147
21008960,1931
21011656,1906
21014364,1838
21017056,2222
21019756,2118
21022460,2217
21025164,2063
21027956,2201
21030568,1886
21033360,2132
21036060,1932
21038764,1842
21041556,2238
21044260,1947
21046964,1910
21049656,2088
21052360,2253
21055060,2177
21057760,2257
21060452,2157
21063152,2038
21065856,2133
21068560,2162
21071264,1888
21074056,1937
21076760,1821
21079452,2180
21082164,1989
21084768,1963
21087560,1932
21090256,1939
21093040,1921
21095764,1968
21098456,1861
21101168,2208
21103960,2284
21106656,2161
21109364,1873
21112064,2138
21114852,1938
21117556,2229
21120260,2172
21122964,2146
21125652,1960
21128352,1993
21131056,1939
21133760,1940
21136552,2159
21139164,2176
21141856,2101
21144560,2119
21147264,1945
21150056,1940
21152760,2172
21155452,1862
21158152,2000
21160856,2175
21163556,2160
21166352,1989
21169060,1973
21171760,2183
21174440,1904
21177156,2036
21179856,2133
21182556,2086
21185264,1967
21187952,2218
21190564,2128
21193360,1866
21196052,2257
21198664,2170
21201460,2082
21204164,2183
21206856,2136
21209560,2236
21212260,1939
21214956,2245
21217668,1902
21220460,1945
21223156,1980
21225864,2178
21228660,2155
21231352,1944
21234056,1973
21236664,1903
21239460,1982
21242164,2223
21244860,1943
21247652,2151
21250356,2185
21253060,2083
21255856,2067
21258556,2180
21261240,2070
21263964,2182
21266740,1933
21269456,2228
21272156,2139
21274956,2034
21277660,1980
21280364,2111
21283056,2131
21285760,1982
21288464,2050
21291260,2005
21293964,1951
21296740,1811
21299452,1971
21302152,2098
21304852,1911
21307564,2226
21310260,1973
21313052,2244
21315764,1940
21318460,2194
21321240,1900
21323960,2110
21326656,2058
21329368,1996
21332160,1857
21334856,1964
21337564,2137
21340360,2148
21343052,2151
21345756,1960
21348468,2150
21351164,2148
21353856,2065
21356568,2242
21359264,2228
21361964,1854
21364668,2165
21367440,2006
21370160,1998
21372764,2232
21375560,1889
21378264,2229
21380964,2138
21383760,2100
21386464,2279
21389164,2213
21391960,2147
21394652,2149
21397260,2253
21400056,1936
21402756,1857
21405464,2142
21408156,2207
21410868,1980
21413564,1970
21416360,1887
21419152,2065
21421840,1913
21424564,1896
21427264,2030
21430052,1924
21432764,1980
21435468,1793
21438160,2263
21440956,2245
21443740,1987
21446364,1886
21449160,2164
21451860,2030
21454556,1888
21457256,2141
21459964,1974
21462664,1984
21465456,2140
21468252,2228
21470864,2072
21473564,1971
21476360,1943
21479056,1978
21481756,1976
21484464,1985
21487156,2261
21489856,1944
21492564,1984
21495256,1975
21497956,2132
21500664,2212
21503452,1933
21506164,1924
21508860,1982
21511560,2116
21514260,2031
21516956,1895
21519656,1943
21522360,1879
21525152,1842
21527852,2002
21530560,1906
21533260,1880
21535964,2180
21538752,1946
21541464,1969
21544240,2189
21546956,1988
21549656,2107
21552452,2226
21555160,1973
21557852,1852
21560556,2148
21563260,1890
21565964,2221
21568760,1918
21571452,2180
21574060,1869
21576856,1909
21579468,2113
21582264,1971
21584864,2047
21587660,2138
21590352,1925
21593056,2237
21595760,1872
21598452,1870
21601160,2145
21603864,1938
21606568,2210
21609352,1846
21612052,1897
21614764,2259
21617464,1982
21620256,2141
21622956,1940
21625664,1948
21628364,2201
21631160,2275
21633856,1928
21636556,2249
21639268,2060
21641964,2225
21644756,2211
21647460,2210
21650152,2026
21652856,1918
21655564,2123
21658264,1804
21661056,2136
21663840,2153
21666452,2172
21669156,2121
21671840,2241
21674564,1892
21677264,2195
21680052,2255
21682752,2012
21685456,2238
21688160,1965
21690852,1983
21693568,2246
21696264,2244
21698952,2253
21701664,1952
21704364,1985
21707156,2027
21709952,2199
21712564,2255
21715360,1985
21717960,2224
21720756,1907
21723456,2146
21726164,2190
21728956,1961
21731660,2228
21734364,1945
21737140,2097
21739860,2150
21742560,2135
21745352,2144
21748052,1880
21750760,2168
21753464,2137
21756256,1993
21758952,1990
21761656,2032
21764356,2039
21767060,2056
21769764,2043
21772556,2128
21775260,1981
21777964,1972
21780664,1987
21783368,1987
21786160,2254
21788864,1990
21791568,1964
21794360,2035
21797064,2235
21799760,2067
21802460,1898
21805160,1830
21807856,2253
21810640,1896
21813364,1943
21816056,1897
21818840,1971
21821560,1931
21824256,1846
21826964,1951
21829760,1883
21832452,2083
21835152,1832
21837868,2039
21840564,1992
21843356,2126
21846152,1976
21848756,2002
21851456,2004
21854160,2070
21856956,1953
21859656,2251
21862360,2170
21865064,1944
21867856,2210
21870564,1909
21873264,1865
21876060,2230
21878756,2111
21881456,1840
21884252,2190
21886864,1982
21889660,2230
21892364,2207
21895152,1975
21897856,2096
21900556,1876
21903252,2199
21905956,2249
21908660,2140
21911356,2131
21914060,2063
21916852,1885
21919464,2118
21922260,2023
21924960,2058
21927656,2138
21930356,1923
21933052,2121
21935752,2038
21938456,2172
21941164,2172
21943864,1993
21946640,1873
21949356,1983
21951964,2206
21954764,1941
21957456,1967
21960240,2199
21962964,1954
21965660,2291
21968452,1966
21971164,1909
21973860,1871
21976656,1928
21979356,1992
21982052,1985
21984752,1992
21987468,2128
21990164,2022
21992940,1926
21995664,1825
21998264,1935
22001060,2100
22003764,1999
22006552,1843
22009252,2249
22011964,2261
22014664,2142
22017460,1949
22020160,2228
22022856,1961
22025556,1976
22028260,1970
22030952,1943
22033656,2178
22036360,2086
22039052,2086
22041764,1906
22044460,1974
22047256,1837
22049956,2144
22052652,1807
22055356,1974
22058056,1970
22060764,1992
22063456,1975
22066164,1983
22068960,1985
22071660,2021
22074356,1981
22077060,2116
22079856,2198
22082652,1935
22085264,1923
22087956,1822
22090664,2191
22093352,2240
22096056,1963
22098760,2079
22101452,1979
22104164,2004
22106860,2006
22109656,1997
22112360,2181
22115056,1992
22117852,2110
22120564,2221
22123260,2080
22125964,2163
22128756,2179
22131460,2235
22134164,1891
22136960,2061
22139656,1885
22142356,2035
22145152,1966
22147856,1812
22150560,2046
22153352,2044
22155964,1965
22158664,1850
22161460,1955
22164152,2256
22166856,1966
22169560,1981
22172252,2223
22174956,1964
22177660,2205
22180352,2110
22183064,1975
22185764,1944
22188556,2054
22191260,2130
22193860,2156
22196660,2144
22199360,2165
22202056,2077
22204760,2249
22207464,2129
22210252,2181
22212952,1943
22215660,2213
22218364,2218
22221160,1983
22223856,1896
22226568,2108
22229360,2073
22232060,1863
22234852,2009
22237556,1881
22240252,1947
22242952,2174
22245656,2234
22248364,2279
22251064,2178
22253860,1988
22256556,2174
22259352,2198
22262056,2209
22264764,2232
22267464,1965
22270260,2247
22272960,1946
22275752,1945
22278456,1937
22281160,1895
22283852,1985
22286556,2172
22289260,2139
22291964,2045
22294740,1882
22297456,2003
22300160,1966
22302952,2035
22305564,2275
22308360,2271
22311064,1957
22313852,1917
22316552,1956
22319256,2189
22321952,2038
22324656,2165
22327364,2250
22330152,2208
22332856,2233
22335540,1810
22338264,2191
22340956,2246
22343660,1910
22346460,1875
22349160,1941
22351856,1931
22354560,1971
22357260,1986
22359956,2247
22362752,1936
22365456,1929
22368160,2205
22370852,2150
22373556,2202
22376256,1985
22378956,2135
22381752,2133
22384460,1913
22387156,1959
22389860,1976
22392556,2169
22395340,1954
22398064,2228
22400764,2133
22403560,2047
22406260,2268
22408956,1908
22411656,2138
22414348,2143
22417064,2259
22419756,1991
22422460,2221
22425152,2204
22427856,2236
22430552,2146
22433252,1994
22435956,1973
22438660,1994
22441352,2191
22444064,1937
22446760,1977
22449460,1978
22452152,1993
22454856,2063
22457652,2211
22460356,1967
22463060,2025
22465760,2007
22468456,1961
22471156,1975
22473860,2098
22476556,1959
22479268,2094
22481968,2225
22484756,1866
22487456,1883
22490252,1900
22492956,2251
22495564,1989
22498356,2029
22501064,2206
22503756,2146
22506464,1989
22509256,2034
22511960,1881
22514660,1984
22517452,1987
22520156,1887
22522860,2165
22525564,1877
22528360,1975
22531052,1888
22533764,1966
22536540,2137
22539256,1984
22541956,2070
22544656,2080
22547360,1924
22550060,2134
22552764,2226
22555460,2034
22558252,2191
22560968,2140
22563660,1989
22566456,2171
22569156,1896
22571840,2084
22574560,2255
22577264,1971
22580052,1818
22582764,2206
22585464,2149
22588252,1976
22590964,1935
22593740,2054
22596456,1960
22599156,1916
22601952,1895
22604660,2168
22607352,1905
22610056,2137
22612764,1916
22615464,2174
22618260,1986
22620952,2246
22623656,1902
22626452,2118
22629056,1938
22631756,1912
22634464,2255
22637256,2137
22639956,2246
22642652,2245
22645356,1884
22648056,1998
22650764,1911
22653464,2249
22656260,2192
22658964,1892
22661664,2003
22664460,1936
22667152,2179
22669856,1878
22672652,2211
22675356,2166
22677964,2236
22680760,2086
22683460,2103
22686252,2095
22688964,1882
22691660,1883
22694456,1992
22697156,1939
22699852,1982
22702564,2056
22705268,2061
22708056,1944
22710756,1870
22713460,1940
22716156,2100
22718952,1880
22721656,2001
22724360,1952
22727064,1978
22729764,1853
22732552,1832
22735256,1903
22738040,1890
22740756,1940
22743456,2203
22746252,2163
22748956,1950
22751660,2181
22754452,1879
22757064,2038
22759864,2081
22762564,2189
22765260,2083
22767960,2246
22770664,1954
22773464,1990
22776156,2228
22778864,2105
22781564,2053
22784360,2254
22787056,1975
22789764,1980
22792560,2055
22795256,2147
22797956,1942
22800660,2059
22803352,1889
22806056,2186
22808756,1947
22811464,2169
22814168,1890
22816964,1991
22819660,2067
22822452,1822
22825164,2138
22827860,2239
22830656,2047
22833360,2186
22836056,2237
22838764,1788
22841560,1995
22844256,2286
22847052,1997
22849752,2196
22852460,1995
22855152,1860
22857856,1898
22860552,2142
22863256,1941
22866052,1810
22868656,2101
22871356,1956
22874064,2167
22876840,1949
22879564,2087
22882260,1984
22885052,2252
22887756,1970
22890460,2180
22893160,1871
22895956,1973
22898664,1966
22901364,2176
22904160,1797
22906860,2153
22909560,2175
22912356,1975
22915064,1940
22917764,2178
22920560,2165
22923164,2183
22925864,1940
22928660,1977
22931356,2129
22934152,2085
22936856,1912
22939556,2130
22942256,2003
22945052,2089
22947756,2258
22950460,2214
22953160,2168
22955864,2096
22958660,2206
22961360,2235
22964064,1991
22966860,2012
22969564,2227
22972340,2188
22975064,2035
22977852,2087
22980464,2042
22983164,2230
22985960,1967
22988652,1932
22991356,1971
22994152,2145
22996856,2155
22999560,2000
23002260,1964
23004956,2034
23007752,2275
23010464,2111
23013164,2029
23015960,2062
23018568,2258
23021356,2214
23024060,2247
23026852,2148
23029464,1952
23032260,1948
23034964,1861
23037752,2066
23040456,2220
23043164,2228
23045860,1990
23048656,1918
23051368,2088
23054060,2145
23056752,1953
23059364,1928
23062160,2175
23064860,2202
23067556,1981
23070340,1983
23073052,1985
23075756,1818
23078460,2125
23081160,1958
23083856,2149
23086564,1951
23089360,1920
23092052,1971
23094756,2253
23097456,1952
23100164,1945
23102868,1997
23105660,2153
23108356,2089
23111056,2133
23113852,1989
23116464,2207
23119260,1933
23121960,1928
23124656,1951
23127356,2069
23130052,1934
23132764,1986
23135552,2207
23138260,1979
23140952,1997
23143652,1969
23146360,1906
23149060,1831
23151856,1877
23154564,2244
23157256,1973
23159956,1894
23162656,2251
23165356,1977
23168152,1976
23170764,2145
23173560,1896
23176160,1913
23178952,1879
23181656,2244
23184360,1991
23187052,1996
23189756,2071
23192464,2228
23195168,1935
23197940,2197
23200656,1986
23203356,2174
23206156,1960
23208768,2178
23211552,1979
23214264,2080
23216960,2245
23219664,2098
23222456,1990
23225160,2142
23227852,2190
23230568,1974
23233264,2110
23235964,1938
23238760,2045
23241456,1857
23244064,2191
23246852,2245
23249552,2216
23252256,1960
23254960,2016
23257664,2178
23260364,1903
23263140,1838
23265864,2177
23268652,1980
23271360,1984
23274060,2250
23276764,1899
23279552,1948
23282256,2247
23284956,1863
23287664,1912
23290364,1947
23293160,1884
23295856,1975
23298652,2198
23301352,2157
23303964,1965
23306760,1967
23309460,1880
23312156,1881
23314860,1947
23317560,2167
23320256,2240
23322960,2192
23325664,2134
23328460,1789
23331164,1974
23333860,1881
23336560,1962
23339356,1943
23342052,1906
23344756,1954
23347552,1848
23350260,2258
23352960,1991
23355756,1911
23358452,2238
23361156,1872
23363856,1958
23366564,2243
23369256,1958
23371956,1833
23374652,2262
23377356,2277
23380152,2160
23382756,2004
23385456,1962
23388152,1985
23390856,1932
23393556,2215
23396264,2224
23398964,2166
23401760,1917
23404456,2037
23407168,2137
23409952,1944
23412564,2245
23415264,2235
23418052,2145
23420756,1988
23423464,2227
23426260,2218
23428956,2182
23431668,1937
23434452,2138
23437156,1977
23439860,1876
23442564,2206
23445260,2148
23448052,2197
23450752,2059
23453460,1946
23456164,1846
23458864,2154
23461652,1942
23464356,2246
23467152,2180
23469764,2213
23472552,2126
23475264,1933
23477960,1880
23480660,2134
23483360,2079
23486152,2000
23488856,1913
23491560,1806
23494356,2242
23497060,2003
23499752,1854
23502456,1976
23505160,1969
23507856,1930
23510652,2151
23513356,2232
23516052,2144
23518756,2065
23521460,2298
23524156,1970
23526952,1946
23529664,1841
23532364,2060
23535160,2223
23537864,1891
23540652,1970
23543352,1929
23546056,2109
23548756,1894
23551460,1870
23554256,1953
23556952,1948
23559652,1822
23562356,1925
23565052,2086
23567752,1809
23570464,2082
23573164,1919
23575960,1997
23578560,1906
23581264,2052
23584056,1988
23586764,1947
23589468,1884
23592252,2065
23594864,1894
23597660,1848
23600364,2147
23602964,2032
23605760,1928
23608460,2188
23611156,2062
23613856,1984
23616652,1958
23619356,2140
23622056,2119
23624852,1915
23627560,2122
23630260,2137
23633056,2048
23635760,1962
23638452,1908
23641168,2135
23643852,1974
23646556,1811
23649264,1916
23652060,1965
23654740,1975
23657456,2139
23660156,2088
23662860,1947
23665556,2151
23668260,1948
23670960,2073
23673660,1883
23676452,2216
23679156,2197
23681864,2238
23684556,2156
23687352,2255
23689964,1954
23692656,1969
23695368,1996
23698152,1992
23700856,2019
23703568,2026
23706264,2226
23708956,2226
23711664,2184
23714368,1977
23717152,2178
23719856,1956
23722560,1945
23725260,1931
23727956,2039
23730752,2141
23733456,1976
23736164,2227
23738864,2033
23741640,1982
23744356,2050
23747060,2105
23749760,2250
23752456,2215
23755252,1985
23757956,1937
23760660,1895
23763352,1942
23766060,2211
23768756,2067
23771460,1979
23774152,2221
23776856,2131
23779556,2135
23782264,1881
23784964,1893
23787760,1955
23790456,1943
23793156,2105
23795860,1906
23798556,2133
23801268,2229
23804064,2001
23806760,1920
23809552,1964
23812264,2253
23814868,1970
23817664,2143
23820364,2133
23823152,1979
23825856,2142
23828468,1999
23831264,1943
23833956,1793
23836660,1947
23839456,2182
23842160,2229
23844952,1978
23847564,1791
23850360,1911
23853064,2211
23855852,2197
23858556,2092
23861340,1991
23863952,2148
23866660,2198
23869356,1945
23872056,2187
23874760,1880
23877456,2007
23880164,1908
23882960,1940
23885656,1967
23888356,2189
23891152,2182
23893860,2246
23896552,2175
23899256,1877
23901956,1995
23904660,1848
23907360,1975
23910056,1939
23912760,1806
23915456,1953
23918252,2051
23920956,2248
23923660,1976
23926360,2207
23929156,1948
23931852,1987
23934556,2184
23937352,2156
23940060,2021
23942752,2160
23945456,1922
23948152,2014
23950856,1886
23953560,2141
23956256,1943
23959040,1938
23961764,2089
23964460,2001
23967252,1819
23969964,2097
23972664,2252
23975456,1996
23978160,1982
23980860,1935
23983652,2125
23986356,2097
23989056,1982
23991756,1998
23994460,2185
23997160,2001
23999952,1892
24002660,2173
24005352,1969
24007960,2175
24010652,1959
24013356,2152
24016140,2130
24018760,2144
24021460,1996
24024256,1803
24026960,1831
24029664,1880
24032460,2128
24035156,2143
24037856,1968
24040560,1926
24043256,1946
24045964,1907
24048760,2163
24051456,1868
24054252,2132
24056964,2167
24059660,1934
24062352,1961
24065152,2243
24067756,1853
24070456,2106
24073160,1944
24075952,1995
24078656,2090
24081360,2228
24084156,2030
24086856,1991
24089564,2164
24092356,2235
24095060,2093
24097752,1978
24100456,2207
24103252,1837
24105960,1842
24108660,2150
24111352,1988
24114060,1911
24116756,2232
24119460,1965
24122156,1969
24124856,1939
24127652,1925
24130268,2206
24133064,1856
24135764,1916
24138552,2160
24141256,1999
24143868,1973
24146664,2134
24149356,2257
24152064,2174
24154860,1992
24157564,1883
24160268,2178
24162960,1905
24165756,1967
24168552,2154
24171164,1851
24173960,2063
24176664,2138
24179452,1932
24182164,2242
24184864,1996
24187652,1982
24190356,2001
24193152,1985
24195764,2195
24198560,1953
24201264,1938
24204052,1949
24206752,1984
24209464,2220
24212164,1944
24214956,1919
24217660,2092
24220356,1982
24223056,1884
24225760,1989
24228556,1953
24231260,1894
24233952,2059
24236656,1930
24239360,2242
24242056,1871
24244852,1939
24247552,1976
24250260,2039
24252964,2211
24255752,1937
24258460,2176
24261068,2235
24263864,2083
24266560,2044
24269352,2167
24272064,2137
24274760,2006
24277556,1950
24280260,1994
24282956,1970
24285752,2203
24288452,2237
24291160,1973
24293852,1943
24296556,1843
24299264,2248
24301968,1963
24304764,2001
24307460,2121
24310164,1905
24312956,2027
24315656,1991
24318360,1978
24321156,2213
24323860,2187
24326564,1946
24329356,1858
24332064,1908
24334768,1867
24337560,1971
24340256,2136
24343052,2044
24345764,1941
24348456,2227
24351160,2175
24353952,2136
24356568,1927
24359340,1880
24362064,2186
24364760,2171
24367556,2037
24370352,2185
24373040,2050
24375764,1872
24378464,2161
24381252,1968
24383956,2008
24386660,2101
24389356,1902
24392056,1859
24394852,2088
24397464,1935
24400240,2197
24402960,1930
24405656,2190
24408264,1942
24411052,2210
24413756,1941
24416460,2088
24419156,1862
24421764,2266
24424556,1982
24427264,2225
24429964,2204
24432760,2024
24435456,1824
24438252,2237
24440964,2255
24443664,1951
24446456,1934
24449160,2115
24451764,2136
24454560,2173
24457260,1931
24459956,1958
24462660,2209
24465364,2188
24468160,1990
24470864,1801
24473564,2205
24476360,2258
24479064,1924
24481760,2026
24484552,1990
24487256,1938
24489960,2099
24492756,1936
24495460,1977
24498152,1989
24500760,1917
24503556,1950
24506252,2214
24508956,1891
24511660,1894
24514356,2110
24517152,2184
24519868,1971
24522552,2088
24525256,2149
24528052,2216
24530760,1960
24533464,2041
24536260,2197
24538956,1878
24541740,1830
24544452,1929
24547068,1867
24549864,2117
24552652,2171
24555360,1948
24558056,2019
24560760,2236
24563456,2055
24566252,1793
24568964,1965
24571664,2206
24574440,2048
24577164,1967
24579860,1972
24582560,1945
24585352,2194
24588056,1847
24590760,1907
24593552,1962
24596164,1841
24598864,1935
24601564,1919
24604352,1895
24607064,2178
24609664,1891
24612456,2177
24615160,1882
24617856,1850
24620568,2256
24623360,2058
24626056,2039
24628764,1979
24631560,2188
24634256,2223
24636964,2204
24639760,2141
24642456,2256
24645240,1955
24647940,2154
24650656,2174
24653356,1937
24656152,2103
24658764,2121
24661560,1812
24664260,2184
24666956,1849
24669752,1947
24672464,1973
24675160,2248
24677952,2171
24680656,2193
24683352,2231
24686052,2156
24688768,2190
24691464,1870
24694256,2140
24696960,1906
24699656,1845
24702364,2136
24705164,1979
24707856,1911
24710652,1963
24713364,1893
24716060,1981
24718856,2250
24721560,2254
24724256,1932
24726956,1781
24729752,1884
24732456,2158
24735160,1975
24737952,1958
24740564,1999
24743360,2104
24745960,2254
24748756,2076
24751460,1987
24754164,1902
24756940,2096
24759664,1963
24762360,1803
24765152,2105
24767856,1901
24770552,2226
24773256,1978
24775960,2208
24778656,2238
24781452,2119
24784152,2141
24786856,1998
24789560,1872
24792356,2110
24795060,2242
24797756,2221
24800456,1912
24803152,2236
24805856,1948
24808652,1947
24811356,2153
24814060,2037
24816852,2203
24819560,2105
24822264,1947
24824968,1956
24827664,1915
24830364,2258
24833160,2238
24835856,1958
24838560,2195
24841352,2222
24844060,1873
24846752,2086
24849464,2037
24852064,2221
24854860,2228
24857556,1983
24860352,1880
24863064,1991
24865760,1858
24868460,1899
24871160,1953
24873864,2099
24876660,1941
24879440,1956
24882156,2244
24884860,1912
24887560,2073
24890260,2181
24893052,2105
24895756,1929
24898452,2241
24901152,2184
24903868,1993
24906564,1915
24909356,1973
24912060,2135
24914752,1971
24917456,2207
24920252,2238
24922960,1940
24925660,2033
24928360,2186
24931056,1914
24933852,2110
24936568,2142
24939264,2091
24942060,2102
24944740,2079
24947360,1894
24950156,1992
24952952,2231
24955568,2166
24958364,2147
24961152,2072
24963856,1946
24966556,1875
24969352,1830
24972056,1905
24974760,1941
24977460,2112
24980156,1879
24982860,2175
24985556,1967
24988260,2076
24991052,1909
24993760,2195
24996464,2144
24999256,2235
25001964,2154
25004664,2041
25007460,1958
25010156,2203
25012856,1950
25015560,1879
25018264,1983
25021060,2183
25023764,2017
25026556,2135
25029256,1954
25031960,1966
25034656,1955
25037364,1901
25040160,1956
25042760,2246
25045460,1955
25048256,1909
25050952,2042
25053652,1874
25056368,1947
25059064,1981
25061860,1944
25064560,1955
25067264,1976
25070052,1812
25072764,1950
25075460,2043
25078256,1994
25080960,1947
25083656,2218
25086360,1865
25089152,1867
25091860,1974
25094560,2185
25097352,1885
25100060,1972
25102752,2043
25105468,2231
25108152,2220
25110856,1895
25113564,1868
25116360,2052
25119052,1954
25121760,2222
25124464,2224
25127260,2132
25129956,2228
25132668,1976
25135464,1952
25138064,1951
25140864,1857
25143568,2208
25146356,1804
25149060,1828
25151856,2230
25154552,2101
25157256,1897
25159960,1952
25162656,1989
25165356,1989
25168060,2222
25170756,2251
25173540,1832
25176264,2258
25178964,1945
25181664,2073
25184460,2080
25187156,2130
25189860,1886
25192656,2030
25195364,1880
25198064,1948
25200852,2185
25203556,1921
25206256,1975
25208960,2145
25211656,1990
25214452,1877
25217164,2166
25219864,1937
25222660,2134
25225360,2020
25228060,1898
25230852,1950
25233556,2182
25236252,2225
25238956,1802
25241752,2146
25244456,2151
25247160,1903
25249956,2250
25252664,2249
25255364,1994
25258160,1961
25260856,1966
25263652,1865
25266364,2042
25269064,1946
25271860,2056
25274564,1912
25277352,1947
25280056,2210
25282756,2251
25285464,2178
25288164,2128
25290960,1918
25293656,2051
25296368,1962
25299160,2166
25301764,1808
25304560,1986
25307260,2011
25309968,2170
25312752,2266
25315456,2231
25318164,1937
25320868,1891
25323664,1919
25326360,2223
25329056,2099
25331740,1937
25334452,1969
25337156,2000
25339864,2138
25342660,2067
25345352,2231
25348060,2290
25350752,2204
25353456,1818
25356156,1997
25358764,1990
25361560,2180
25364256,1951
25367040,1958
25369752,2064
25372460,2253
25375164,1865
25377960,1889
25380656,2174
25383360,1956
25386060,1809
25388756,1824
25391460,1970
25394168,2137
25396952,2023
25399656,1823
25402360,2246
25405064,1923
25407756,1933
25410456,2165
25413064,2173
25415856,1992
25418552,1943
25421256,2180
25424052,1961
25426664,2217
25429460,2200
25432164,2072
25434952,2221
25437656,1966
25440360,2228
25443052,2096
25445756,2000
25448552,1951
25451240,1950
25453964,2165
25456640,1894
25459352,2170
25462056,1967
25464760,1911
25467456,2266
25470252,1907
25472964,2130
25475664,1909
25478368,1993
25481156,2190
25483860,1916
25486552,2102
25489260,2190
25491964,2147
25494752,2110
25497460,1991
25500152,2256
25502860,1866
25505460,2141
25508256,1944
25511052,2052
25513668,2138
25516452,2055
25519156,1868
25521856,1974
25524556,2146
25527264,1959
25530060,1943
25532756,1921
25535452,2159
25538156,2146
25540864,1989
25543560,1940
25546356,2016
25549060,1996
25551760,1875
25554556,1874
25557260,1970
25559960,1859
25562756,1951
25565460,2241
25568156,2131
25570952,2238
25573656,1981
25576356,2136
25578964,2074
25581760,2257
25584456,1993
25587252,1842
25589956,1981
25592652,2180
25595356,2222
25598060,2141
25600760,2128
25603552,2173
25606168,2245
25608952,2180
25611664,1862
25614264,2164
25617056,1976
25619756,1956
25622364,2084
25625064,1937
25627856,2229
25630564,1999
25633256,2098
25635968,1877
25638664,2039
25641456,1983
25644168,2104
25646860,1975
25649656,2062
25652368,2210
25655060,2144
25657764,1957
25660556,1915
25663264,1981
25665956,1830
25668664,1911
25671360,1941
25674156,2131
25676840,1968
25679540,1972
25682252,2255
25684956,1882
25687656,1800
25690452,2235
25693156,1975
25695764,1924
25698560,1925
25701264,1950
25703964,1808
25706760,1985
25709452,2068
25712060,1948
25714760,1895
25717456,2132
25720156,1915
25722864,1932
25725660,2210
25728364,1984
25731056,1955
25733840,1971
25736560,2139
25739256,2000
25742040,2245
25744764,2195
25747464,1898
25750252,1876
25752952,2188
25755740,1968
25758364,1879
25761056,1898
25763764,2146
25766464,1808
25769164,2079
25771868,1875
25774664,2221
25777440,2239
25780156,2162
25782856,2243
25785556,1976
25788252,2221
25790956,2119
25793752,1990
25796460,1957
25799164,2217
25801956,2149
25804664,2044
25807368,2142
25810160,1876
25812856,1996
25815564,1938
25818360,1994
25821052,1971
25823756,2186
25826552,2054
25829256,1942
25831960,2129
25834660,2178
25837356,1943
25840152,2109
25842864,2142
25845560,1868
25848356,1990
25851056,1961
25853764,2182
25856464,2154
25859260,2146
25861964,1978
25864664,2205
25867460,1902
25870156,1947
25872868,2190
25875660,2178
25878356,1957
25881152,1993
25883856,1934
25886560,1976
25889252,2000
25891968,2071
25894664,2019
25897456,2043
25900160,1985
25902856,1943
25905556,1996
25908352,1878
25910964,2201
25913760,2084
25916464,2078
25919160,1953
25921860,1985
25924556,1914
25927256,1996
25929956,1913
25932664,2237
25935368,2217
25938140,1935
25940856,1988
25943556,1944
25946352,2143
25948964,2176
25951760,2135
25954452,2220
25957156,2140
25959860,2179
25962652,1976
25965360,2240
25968060,2205
25970764,1900
25973552,2254
25976256,1954
25978956,1983
25981652,2241
25984356,1953
25987060,1988
25989764,1995
25992556,1942
25995264,2001
25997964,1961
26000760,2000
26003464,2244
26006168,2057
26008952,1982
26011564,2003
26014360,1797
26017052,1873
26019756,1999
26022364,2122
26025160,2178
26027856,2013
26030652,2166
26033364,1948
26036060,2190
26038856,2053
26041560,1818
26044256,2000
26046956,2150
26049660,1965
26052356,2191
26055152,2121
26057864,2183
26060560,1975
26063356,2242
26066060,1969
26068756,2171
26071540,1881
26074264,2212
26076960,1997
26079756,1802
26082460,1993
26085156,2195
26087860,1848
26090652,2073
26093340,1960
26096064,1898
26098764,1879
26101460,2167
26104256,1856
26107052,2250
26109668,2135
26112464,2130
26115164,2217
26117952,2082
26120656,2155
26123368,2211
26126064,1793
26128768,2114
26131468,1941
26134256,1893
26136956,1983
26139752,1970
26142440,1926
26145164,2151
26147868,2262
26150552,2204
26153256,1950
26155964,2180
26158664,2136
26161464,1981
26164160,1972
26166952,2170
26169656,1895
26172360,1983
26175156,2062
26177860,1932
26180556,1947
26183256,1951
26185960,1929
26188656,1974
26191452,2152
26194156,2143
26196864,2072
26199564,1953
26202352,2087
26205056,2126
26207764,1982
26210560,1945
26213256,1902
26215960,2217
26218752,2182
26221460,2156
26224160,2139
26226956,1946
26229660,1958
26232360,1915
26235064,1949
26237768,1906
26240560,1889
26243260,1810
26245952,2004
26248664,2176
26251364,1879
26254068,1919
26256860,2159
26259560,2019
26262256,2050
26264956,1797
26267664,1978
26270360,1970
26273060,1954
26275756,1882
26278464,1959
26281160,2015
26283856,2149
26286460,1973
26289160,2170
26291856,1993
26294556,2141
26297260,2181
26299964,2162
26302664,1808
26305364,2174
26308064,2250
26310856,1995
26313564,1988
26316264,1898
26319060,2218
26321752,1874
26324360,2009
26327060,1805
26329752,2182
26332452,1918
26335064,2224
26337768,1945
26340560,1900
26343252,2138
26345956,1941
26348656,2153
26351360,2186
26354052,1895
26356764,2243
26359460,1989
26362160,2176
26364852,2216
26367556,1789
26370256,2026
26372964,1999
26375656,1911
26378356,2223
26381052,1965
26383752,2236
26386464,1975
26389160,1993
26391860,2070
26394564,1874
26397264,1999
26400056,1915
26402664,1941
26405460,2100
26408160,2242
26410856,2168
26413556,1993
26416268,2105
26419052,1991
26421756,1791
26424464,2030
26427252,1950
26429964,2178
26432664,2177
26435364,2244
26438160,2161
26440860,2148
26443556,2131
26446256,2240
26448964,2149
26451660,2288
26454360,2231
26457056,2138
26459756,2176
26462552,2146
26465260,1977
26467964,2204
26470756,1934
26473460,2223
26476164,2158
26478852,2209
26481560,1956
26484260,2171
26486960,2090
26489656,1987
26492364,1987
26495160,1946
26497856,1990
26500564,1998
26503360,2209
26506052,1973
26508756,2122
26511456,1948
26514164,1987
26516864,1960
26519660,2223
26522356,1936
26525056,1957
26527664,2134
26530460,2022
26533152,1985
26535764,2203
26538560,2194
26541260,1905
26543960,1930
26546752,2124
26549452,1948
26552160,1952
26554860,1991
26557656,2167
26560360,2261
26563060,1785
26565852,2017
26568464,2213
26571260,2191
26573964,2127
26576564,2170
26579356,2054
26582152,2250
26584756,2234
26587456,2193
26590164,1940
26592956,1970
26595660,2024
26598364,2084
26601160,1982
26603860,2236
26606556,2201
26609352,2007
26612052,2222
26614760,2223
26617460,1973
26620168,2025
26622956,1977
26625660,2245
26628452,1941
26631156,1989
26633856,1868
26636556,1974
26639260,1972
26641952,1938
26644652,1973
26647356,1939
26650056,2181
26652764,1966
26655460,2148
26658164,2211
26660856,2172
26663640,2247
26666364,2188
26669064,2090
26671768,2137
26674564,1968
26677264,1955
26679968,2230
26682764,1841
26685464,1882
26688252,1978
26690940,2105
26693660,1977
26696356,1941
26699056,1926
26701760,2009
26704464,2136
26707256,1824
26709960,2125
26712664,2206
26715456,2143
26718164,1966
26720864,1972
26723656,2126
26726360,2216
26729052,2182
26731752,2243
26734460,2201
26737160,1981
26739860,1993
26742556,2197
26745340,2038
26748064,2266
26750760,1863
26753552,2208
26756264,2249
26758960,2063
26761752,1989
26764464,2198
26767160,2046
26769852,1867
26772564,2136
26775260,2112
26777960,2191
26780664,1992
26783460,1949
26786164,2051
26788764,2188
26791560,2183
26794264,1915
26797040,2201
26799752,2233
26802456,1976
26805160,2241
26807864,2026
26810656,2173
26813352,2003
26816064,2247
26818852,2217
26821460,2223
26824256,2076
26826956,1993
26829652,1995
26832352,1967
26835064,1971
26837740,1998
26840464,1976
26843164,1980
26845952,2250
26848656,1972
26851364,1864
26854152,2222
26856856,1904
26859568,1974
26862264,1977
26865060,2250
26867760,2212
26870456,1993
26873156,1984
26875864,2115
26878660,2122
26881360,2208
26884056,2262
26886756,1992
26889456,1879
26892160,1895
26894860,2099
26897560,1965
26900252,1912
26902956,1899
26905740,2199
26908364,1999
26911156,2241
26913952,1961
26916564,1981
26919256,1899
26921868,1804
26924568,2015
26927360,1903
26930056,1939
26932756,2096
26935464,2224
26938252,2037
26940952,2249
26943664,2246
26946364,2219
26949156,1888
26951860,2169
26954552,2068
26957256,1966
26959968,2242
26962664,1873
26965456,2101
26968160,2147
26970856,1991
26973556,1855
26976252,2190
26978952,1845
26981656,2001
26984360,1931
26987064,2181
26989856,1991
26992552,2087
26995264,2171
26998052,1962
27000756,1997
27003460,1817
27006160,1987
27008860,2235
27011652,2198
27014352,1801
27017060,1946
27019764,1986
27022464,1880
27025164,2167
27027956,2245
27030660,1868
27033356,2170
27036152,2001
27038864,2253
27041560,1949
27044352,1816
27047064,2135
27049664,1802
27052460,2289
27055160,2257
27057856,1970
27060556,2158
27063260,1872
27065964,2102
27068756,2255
27071456,1981
27074156,1977
27076860,1986
27079564,1819
27082268,1985
27085060,2130
27087752,2012
27090456,2147
27093156,1951
27095864,1978
27098564,2263
27101360,2020
27104052,1945
27106756,1948
27109552,1986
27112164,2236
27114868,2255
27117660,2231
27120360,2151
27123152,1994
27125856,2162
27128560,2107
27131264,1965
27134056,2150
27136756,1815
27139360,2002
27142064,2145
27144764,1852
27147464,2056
27150168,1925
27152960,2128
27155652,1960
27158360,1811
27161064,2252
27163856,2142
27166564,2089
27169264,2122
27172056,2218
27174764,2210
27177464,2144
27180260,2247
27182956,1884
27185752,2042
27188452,1908
27191160,1944
27193852,2098
27196556,2130
27199264,2106
27201964,1964
27204756,1943
27207464,2144
27210164,2090
27212956,1956
27215652,2204
27218364,1987
27221064,2181
27223852,2209
27226552,1923
27229164,1888
27231960,1963
27234664,2138
27237360,1898
27240152,2116
27242864,2223
27245560,2127
27248260,1953
27250960,1853
27253656,2130
27256440,1985
27259140,2169
27261856,1864
27264464,2001
27267252,1897
27269864,2024
27272564,2043
27275356,1949
27278052,2188
27280756,2047
27283464,2189
27286160,1935
27288860,2263
27291564,2299
27294360,1994
27297060,1899
27299764,1864
27302560,1939
27305240,1967
27307956,1973
27310656,2251
27313360,2006
27316056,2189
27318756,2123
27321460,1956
27324156,2175
27326856,1896
27329652,2200
27332356,1905
27335060,1943
27337856,1935
27340560,2211
27343264,2243
27346060,2181
27348660,1983
27351360,2007
27354064,2248
27356860,1967
27359564,2134
27362260,2206
27364960,2174
27367756,2066
27370460,1881
27373164,1910
27375956,1897
27378652,1808
27381356,1999
27384152,2166
27386860,1995
27389552,1979
27392256,2152
27394952,1932
27397664,2204
27400368,1976
27403064,2245
27405856,2189
27408560,2224
27411256,1827
27413956,2014
27416752,2213
27419460,2138
27422164,1902
27424956,2050
27427664,1870
27430368,2187
27433152,1969
27435860,1883
27438552,2040
27441256,2103
27443952,1843
27446656,2115
27449440,2152
27452052,1901
27454756,1916
27457464,2144
27460164,2146
27462864,1936
27465652,1935
27468364,2110
27471152,1952
27473860,2054
27476564,1954
27479264,1910
27482052,1968
27484752,2105
27487456,2023
27490160,1955
27492856,1976
27495556,1947
27498252,2000
27500956,1987
27503668,1882
27506456,1977
27509160,2169
27511760,1877
27514464,2002
27517260,2295
27519956,2157
27522756,1954
27525456,2263
27528160,1937
27530952,2070
27533652,1987
27536360,1967
27539060,1947
27541760,1948
27544456,1943
27547156,2233
27549952,1901
27552660,1975
27555360,2000
27558060,2128
27560756,1923
27563468,2166
27566264,1877
27568864,1896
27571564,2212
27574340,2072
27577064,1895
27579756,1907
27582460,1957
27585256,2019
27587960,2073
27590660,2193
27593356,1846
27596060,2298
27598756,1908
27601552,1950
27604252,1865
27606864,2225
27609640,2227
27612360,2194
27615056,1990
27617852,2265
27620564,2183
27623260,1961
27625960,1827
27628756,1939
27631460,2023
27634164,2160
27636960,1902
27639656,2140
27642356,2012
27645060,1923
27647756,1954
27650552,1999
27653256,2199
27655960,1886
27658664,2224
27661364,2129
27664060,2170
27666760,2181
27669452,1933
27672156,1992
27674856,2231
27677552,2198
27680256,2140
27682964,2144
27685752,2017
27688456,1963
27691156,2132
27693852,1960
27696556,2077
27699268,1859
27701964,2168
27704756,1948
27707456,2064
27710152,1880
27712856,1977
27715560,2158
27718352,1964
27721056,2107
27723760,2181
27726552,2248
27729256,1976
27731960,2104
27734652,1917
27737356,2135
27740064,1826
27742768,2034
27745540,2153
27748256,1899
27750864,1822
27753660,1945
27756352,2151
27759056,1986
27761760,2140
27764456,1895
27767168,2169
27769960,1915
27772660,1852
27775364,1973
27778156,2237
27780864,1880
27783564,2234
27786360,2052
27789056,1941
27791760,1984
27794552,2173
27797260,2182
27799956,1940
27802752,1905
27805364,1909
27808152,2097
27810864,1980
27813560,2178
27816356,1977
27819152,1969
27821764,2222
27824564,2148
27827264,2241
27830052,2207
27832756,1952
27835552,2240
27838240,1911
27840952,2236
27843640,1934
27846352,1974
27849056,1943
27851760,1971
27854556,1939
27857256,2236
27859964,1825
27862756,2212
27865364,1942
27868152,1995
27870760,2249
27873460,2067
27876060,2205
27878760,1951
27881456,2147
27884156,2236
27886856,1943
27889564,2105
27892264,2274
27895060,2231
27897756,1869
27900460,2086
27903160,1961
27905860,1877
27908652,2219
27911364,2251
27914060,1869
27916752,2213
27919456,2248
27922068,1957
27924864,1779
27927564,2250
27930352,2184
27933052,1944
27935768,2140
27938452,1913
27941156,2090
27943852,1961
27946564,1823
27949352,2084
27952060,2207
27954764,2239
27957560,1993
27960256,2168
27962956,1795
27965660,1979
27968364,2000
27971156,1908
27973860,2140
27976568,1956
27979364,2200
27982152,1950
27984764,2177
27987560,2116
27990264,1933
27992960,1940
27995756,2206
27998460,1938
28001156,1957
28003856,2160
28006556,1938
28009264,2239
28011956,2156
28014668,2085
28017360,1855
28020060,2239
28022756,2000
28025456,2131
28028256,1925
28030960,2039
28033664,1939
28036356,2255
28039060,1871
28041752,2115
28044468,1885
28047164,2139
28049952,2156
28052664,1946
28055360,2010
28058152,2180
28060864,1939
28063560,1888
28066356,1960
28069056,2121
28071752,2249
28074456,2072
28077160,2024
28079856,2247
28082556,1869
28085260,2036
28087860,2169
28090656,2103
28093340,2146
28096052,2061
28098756,2157
28101368,2147
28104164,1922
28106864,1872
28109652,2064
28112260,2230
28115056,2178
28117764,1997
28120464,2108
28123260,2199
28125956,1928
28128740,2168
28131452,2248
28134160,2198
28136864,1983
28139660,1997
28142356,1926
28145140,1942
28147864,2072
28150560,1917
28153356,1963
28156064,2128
28158668,2162
28161452,1874
28164164,1870
28166860,2093
28169560,1876
28172252,1870
28174956,2177
28177656,2041
28180360,2257
28183056,2197
28185756,2194
28188460,2196
28191160,2185
28193956,2098
28196660,1960
28199364,1960
28202156,1872
28204860,1968
28207564,1987
28210356,1962
28213064,1912
28215764,2224
28218560,1945
28221256,1892
28223956,1973
28226660,2151
28229356,2144
28232064,2181
28234860,1914
28237556,1932
28240264,2071
28243060,2019
28245756,1945
28248456,1915
28251252,1976
28253864,2117
28256660,2138
28259364,1847
28262152,1974
28264856,1998
28267568,1901
28270264,1889
28273056,2213
28275760,2201
28278464,2127
28281156,2239
28283860,2097
28286560,2278
28289260,2228
28291956,2019
28294656,1898
28297360,1995
28300052,1894
28302756,1984
28305552,2251
28308256,2216
28310960,1957
28313664,2222
28316452,1956
28319164,1916
28321952,2143
28324656,2183
28327264,1841
28330040,2262
28332764,2240
28335456,1951
28338160,2266
28340852,1919
28343556,1886
28346252,2252
28348952,1958
28351668,1956
28354352,2150
28357056,2135
28359768,2000
28362556,2264
28365256,2166
28368052,1954
28370652,2077
28373356,2259
28376060,1894
28378856,1962
28381560,2211
28384260,1957
28386964,1982
28389760,1976
28392464,1926
28395252,1950
28397952,2032
28400740,2181
28403352,1972
28406056,2084
28408760,1985
28411556,2066
28414256,2224
28416952,2065
28419656,1937
28422452,2262
28425156,1967
28427860,1941
28430560,1942
28433256,1966
28436040,1999
28438752,2218
28441460,2217
28444164,1990
28446956,2247
28449664,2168
28452364,1976
28455160,2244
28457856,1922
28460640,2188
28463352,1957
28466060,1956
28468764,2059
28471560,2192
28474256,1798
28476956,1887
28479660,1893
28482264,1952
28485060,1872
28487760,2137
28490364,2280
28493156,1979
28495864,1985
28498564,2103
28501360,1946
28504056,1910
28506760,1967
28509460,1995
28512156,2003
28514868,2141
28517652,2040
28520360,2043
28523060,1874
28525856,2018
28528560,2230
28531256,1841
28533956,2132
28536652,2133
28539356,2006
28542056,1986
28544752,2168
28547456,2214
28550240,1997
28552856,2036
28555556,2254
28558264,1979
28561060,1978
28563760,2038
28566460,2267
28569252,1982
28571956,1898
28574664,2193
28577364,1879
28580160,2225
28582856,1981
28585652,1847
28588364,1937
28591060,2150
28593860,1882
28596540,1967
28599164,1838
28601864,2147
28604660,1897
28607356,1952
28610152,2175
28612856,1939
28615564,1908
28618268,2120
28621052,2135
28623664,2055
28626460,2153
28629168,1954
28631860,1967
28634656,2043
28637364,1865
28640060,1881
28642852,1875
28645556,2058
28648256,2242
28650968,1984
28653764,1955
28656364,1957
28659164,1952
28661952,1967
28664660,2054
28667364,2180
28670060,2154
28672756,1879
28675540,1885
28678168,2147
28680952,2258
28683656,1985
28686268,2208
28689064,2239
28691764,2142
28694460,2233
28697256,1870
28699960,1883
28702664,2181
28705440,1984
28708152,1993
28710856,1949
28713560,1960
28716260,1865
28718956,1924
28721752,1828
28724452,1953
28727064,2081
28729860,1951
28732564,2053
28735352,1961
28738052,1886
28740768,1887
28743452,1962
28746156,2116
28748952,2125
28751656,2137
28754364,2142
28757156,1947
28759864,2115
28762568,2232
28765268,2038
28768056,1812
28770756,1961
28773552,1879
28776252,1888
28778952,1920
28781668,1974
28784364,2127
28787140,1866
28789864,1943
28792560,1818
28795264,2057
28798060,2140
28800756,1965
28803456,2134
28806168,2197
28808952,1943
28811656,1992
28814440,2164
28817064,2140
28819756,1988
28822460,1943
28825164,2012
28827952,2087
28830660,1989
28833352,2168
28836052,1939
28838756,2145
28841456,1848
28844164,1997
28846952,1895
28849664,2003
28852364,1955
28855060,1982
28857852,2076
28860564,2131
28863164,2085
28865960,2251
28868660,2065
28871364,1956
28874160,2074
28876860,2230
28879556,2183
28882256,1888
28884960,1957
28887752,1967
28890464,2209
28893156,2187
28895952,2172
28898652,1829
28901264,1979
28903964,2016
28906756,1923
28909464,2142
28912156,1991
28914856,2197
28917552,2141
28920256,1894
28923052,2046
28925756,2057
28928460,1883
28931240,1890
28933952,2252
28936656,2135
28939440,2186
28942052,2166
28944752,1975
28947464,1991
28950160,2263
28952956,2255
28955752,1984
28958364,2091
28961160,2234
28963864,1990
28966568,2060
28969268,1959
28971960,2220
28974756,2151
28977456,1874
28980164,1877
28982860,2248
28985560,2192
28988264,2152
28991060,2052
28993764,2060
28996552,2171
28999252,2077
29001956,2223
29004664,2136
29007356,1963
29010056,1881
29012764,1953
29015464,2123
29018260,2041
29020956,2047
29023664,2031
29026460,2242
29029156,2136
29031952,2246
29034664,2143
29037364,1964
29040156,2064
29042860,2264
29045556,2053
29048352,1978
29051040,1959
29053756,2159
29056460,2165
29059160,1873
29061764,1905
29064556,1956
29067352,1957
29069968,2202
29072752,2169
29075464,1916
29078160,1860
29080864,1907
29083660,2225
29086352,2145
29089056,2131
29091752,1990
29094456,2068
29097156,2183
29099864,2244
29102564,2180
29105360,1959
29108056,2145
29110756,1811
29113460,2070
29116156,2172
29118952,2140
29121656,2105
29124364,1939
29127064,2142
29129860,2237
29132556,1916
29135260,1980
29137960,1968
29140656,2015
29143356,1963
29146060,1940
29148856,1963
29151560,1905
29154252,2151
29156956,2249
29159756,1918
29162464,2029
29165164,1887
29167864,1919
29170652,1901
29173356,2184
29176056,1893
29178764,1907
29181552,2179
29184252,1977
29186864,1870
29189660,1984
29192360,1914
29195056,1981
29197768,1983
29200468,1874
29203256,2197
29205956,2225
29208668,1977
29211364,1999
29214156,1957
29216860,1987
29219556,2039
29222256,2112
29224952,1927
29227656,1857
29230356,1979
29233052,2001
29235756,1999
29238456,1929
29241164,1999
29243864,1995
29246660,1971
29249356,2070
29252060,1942
29254852,2204
29257560,2138
29260252,1908
29262956,2127
29265652,1896
29268356,1967
29271152,1929
29273856,1993
29276560,2140
29279352,2261
29282064,2167
29284764,2168
29287560,1868
29290256,2186
29292964,2056
29295760,1964
29298456,1993
29301164,2134
29303960,2248
29306660,1829
29309456,1873
29312156,2037
29314864,2250
29317568,2202
29320364,1971
29323060,2175
29325856,1872
29328556,1934
29331264,1898
29333968,1902
29336764,1924
29339460,2101
29342252,2205
29344956,1902
29347664,2180
29350452,2264
29353152,1925
29355860,2051
29358564,1883
29361356,2231
29364056,2034
29366756,1854
29369460,1965
29372156,2026
29374940,2174
29377652,2126
29380360,1964
29383064,2039
29385856,2106
29388556,1787
29391260,2039
29393960,1933
29396656,1989
29399356,1950
29402064,1923
29404840,2005
29407552,1905
29410164,1893
29412952,2147
29415656,1903
29418364,2239
29421068,1965
29423852,2141
29426560,2172
29429252,1864
29431968,1904
29434664,1880
29437452,2063
29440164,2139
29442860,1939
29445564,1861
29448340,1951
29451056,2203
29453760,1899
29456460,1977
29459152,1843
29461856,1998
29464564,2256
29467264,1972
29470060,1923
29472756,1890
29475552,2013
29478256,2199
29481052,1941
29483664,1911
29486452,2155
29489064,2176
29491860,2159
29494564,2064
29497340,2032
29500064,1884
29502756,1967
29505460,2205
29508164,1934
29510860,1957
29513564,2130
29516360,2143
29519064,1850
29521852,2189
29524556,1880
29527256,2260
29529964,1862
29532656,2208
29535356,1969
29538052,1920
29540756,1931
29543540,2109
29546152,2137
29548856,2251
29551560,1988
29554356,1899
29557056,1863
29559764,1989
29562540,1946
29565264,1991
29567960,2124
29570664,1929
29573364,2255
29576152,1909
29578864,2114
29581652,1943
29584360,2144
29587064,2222
29589764,2213
29592552,2235
29595252,2223
29597956,1879
29600652,1895
29603364,1826
29606064,2262
29608764,2175
29611560,1977
29614260,1936
29616956,2140
29619668,2246
29622368,1896
29625156,2046
29627856,2245
29630652,1971
29633360,1878
29636064,1941
29638856,1971
29641564,1882
29644264,2203
29647060,2179
29649756,1975
29652460,2145
29655256,2081
29657960,1971
29660664,1993
29663456,1939
29666164,1993
29668864,1942
29671660,2242
29674356,1986
29677152,2029
29679852,2206
29682560,2062
29685264,2135
29687956,1984
29690652,1950
29693356,1943
29696152,2061
29698764,2032
29701560,1984
29704260,1978
29706956,1944
29709656,1803
29712360,2042
29715064,2133
29717852,2065
29720556,1908
29723260,2177
29725960,2254
29728660,2200
29731452,1955
29734152,2203
29736768,1916
29739564,2105
29742352,1943
29744964,2016
29747760,2171
29750460,2209
29753164,1861
29755960,2035
29758664,1995
29761364,1947
29764156,1893
29766860,2104
29769556,2228
29772256,1884
29775052,1984
29777760,2139
29780464,1938
29783260,1939
29785956,1982
29788656,1802
29791452,1969
29794160,1908
29796864,2143
29799640,1960
29802356,1990
29805056,2151
29807856,1936
29810560,2192
29813256,2214
29815960,2047
29818656,2186
29821440,1942
29824140,2078
29826856,1961
29829556,2193
29832268,2055
29835056,1945
29837756,1820
29840552,1825
29843260,2090
29845960,2078
29848752,1936
29851368,2135
29854164,1983
29856864,2208
29859564,2261
29862360,1939
29865060,2211
29867760,1972
29870552,2140
29873268,2192
29875956,1951
29878656,2116
29881452,1935
29884068,1916
29886864,2233
29889640,1891
29892260,2153
29895056,1918
29897760,1977
29900456,1947
29903160,2199
29905864,2108
29908660,1948
29911364,1947
29914060,1969
29916760,2265
29919556,2040
29922264,1942
29924964,1871
29927760,1996
29930456,1924
29933240,1945
29935964,2138
29938652,2019
29941352,1942
29944056,1944
29946764,2034
29949464,2098
29952252,1954
29954956,2196
29957656,1841
29960360,1937
29963056,2203
29965852,2043
29968564,1956
29971260,1917
29974056,1984
29976668,2079
29979456,2142
29982160,1940
29984952,2033
29987660,2236
29990356,1954
29993060,2170
29995756,1914
29998552,1978
30001264,2118
30003964,1992
30006664,1941
30009460,2266
30012160,2075
30014952,2206
30017656,1995
30020364,2132
30023068,2123
30025864,2241
30028560,2209
30031356,1893
30034060,1942
30036756,1927
30039552,2247
30042268,1883
30044964,2070
30047668,2222
30050464,2266
30053160,2089
30055864,2185
30058568,1947
30061260,2143
30064056,2244
30066760,2026
30069460,2242
30072160,1933
30074864,2237
30077664,2181
30080360,1914
30083064,2179
30085860,2142
30088564,2146
30091164,2153
30093952,2131
30096656,2247
30099364,1973
30102064,2055
30104840,1911
30107560,2141
30110264,1995
30113056,1936
30115764,2081
30118540,1880
30121252,1990
30123960,2169
30126664,1956
30129460,1958
30132156,1897
30134952,1874
30137656,2195
30140364,1992
30143140,2142
30145856,1861
30148564,1964
30151264,2069
30153964,1794
30156756,2276
30159460,2109
30162160,1959
30164856,1970
30167652,1916
30170356,1921
30173060,2147
30175764,1989
30178560,2017
30181256,2102
30183960,1924
30186756,2159
30189464,1841
30192164,1907
30194952,2234
30197660,2227
30200352,2144
30203056,1979
30205764,1917
30208552,1931
30211264,1995
30213868,1970
30216664,1939
30219364,1976
30222064,1870
30224764,1938
30227560,2093
30230256,1965
30232960,1869
30235664,2121
30238452,1963
30241156,2216
30243856,1898
30246552,2106
30249256,2180
30251960,2147
30254664,2130
30257460,1932
30260156,2140
30262952,2002
30265656,1992
30268360,1955
30271156,1940
30273860,1952
30276556,2171
30279260,1929
30282052,1940
30284760,1885
30287464,1826
30290252,2240
30292956,2139
30295660,2017
30298456,1873
30301152,2059
30303860,2249
30306560,1954
30309264,1992
30312064,1913
30314756,1920
30317464,1804
30320164,2180
30322960,2262
30325656,1972
30328452,1937
30331152,2208
30333860,2232
30336564,2181
30339360,1882
30342056,1921
30344768,1979
30347552,1941
30350260,2139
30352952,2215
30355656,1887
30358352,2135
30360960,1915
30363756,1879
30366464,1907
30369240,1950
30371952,1943
30374660,2026
30377364,2038
30380156,1982
30382856,2262
30385652,1920
30388364,1847
30391064,2211
30393860,2203
30396552,2237
30399264,2239
30402040,1957
30404764,1822
30407460,1972
30410256,2049
30412956,1986
30415664,2188
30418368,1987
30421160,2142
30423860,2219
30426652,2230
30429356,1806
30432064,2067
30434768,2194
30437564,1905
30440260,2142
30443056,1936
30445760,2239
30448456,1871
30451252,1883
30453956,1971
30456652,1972
30459352,2097
30462056,2148
30464756,1954
30467456,2128
30470252,1914
30472960,1953
30475656,1886
30478440,2032
30481052,1914
30483756,1965
30486464,2006
30489256,2247
30491960,1974
30494656,1887
30497452,1972
30500152,2073
30502860,2057
30505552,1898
30508256,2131
30510956,2143
30513564,2143
30516364,1929
30519060,2255
30521852,2170
30524568,1958
30527252,2170
30529956,2104
30532752,1964
30535460,1996
30538152,2243
30540952,1867
30543556,1969
30546260,2063
30548952,1969
30551656,2277
30554360,2168
30557060,2002
30559852,2227
30562556,1946
30565256,1896
30567956,2245
30570660,1954
30573356,1874
30576152,1953
30578856,1980
30581556,1894
30584260,1900
30587052,1940
30589760,2173
30592464,2220
30595260,2136
30597960,2250
30600660,1967
30603456,2248
30606152,1887
30608856,1938
30611560,2236
30614256,2247
30617052,1951
30619756,1947
30622464,2064
30625168,2154
30627964,1976
30630664,1951
30633460,1927
30636164,2223
30638952,1929
30641656,1995
30644360,1933
30647056,2201
30649852,2145
30652564,1967
30655252,2252
30657864,1945
30660660,2005
30663356,2064
30665964,2135
30668756,2182
30671460,2040
30674256,2141
30676952,1980
30679660,2225
30682364,1939
30685152,2245
30687856,2076
30690656,1937
30693364,2190
30696152,2055
30698856,2247
30701564,1884
30704268,1933
30707052,2085
30709852,1804
30712468,2047
30715252,1965
30718052,1975
30720752,1850
30723464,2136
30726164,1989
30728952,1977
30731652,2139
30734364,1888
30737060,2135
30739760,2174
30742468,1987
30745260,2235
30747952,2042
30750660,2212
30753364,2149
30756152,2126
30758860,2114
30761564,1953
30764356,2141
30767052,1980
30769756,2147
30772552,1942
30775164,1915
30777960,1950
30780668,1996
30783364,2168
30786160,1884
30788860,1873
30791556,1993
30794352,2143
30797056,1946
30799752,1933
30802456,1950
30805156,1959
30807852,1947
30810552,1950
30813264,1944
30815964,1854
30818664,1987
30821460,2240
30824156,2179
30826856,1992
30829560,1978
30832356,2230
30835056,2208
30837752,1986
30840456,1968
30843160,1921
30845856,2227
30848556,2130
30851260,2137
30853964,1903
30856740,1821
30859464,1855
30862160,1968
30864952,2178
30867656,2290
30870364,1942
30873068,1900
30875864,2093
30878560,1911
30881356,2203
30884056,1822
30886764,2058
30889456,1835
30892156,2005
30894864,2259
30897568,2218
30900352,2061
30903056,2066
30905760,1811
30908556,1981
30911264,1871
30913964,1885
30916760,1968
30919460,2088
30922252,1930
30924956,1947
30927664,2160
30930364,2226
30933160,1941
30935856,1938
30938652,2228
30941364,1865
30944064,1973
30946764,2005
30949560,2143
30952160,1912
30954960,2162
30957660,1962
30960368,2015
30963152,1921
30965868,2072
30968564,1981
30971360,2149
30974060,1986
30976840,2123
30979564,2202
30982264,1945
30985052,2219
30987756,1832
30990552,1901
30993260,2251
30995952,2229
30998656,2178
31001356,2188
31004060,1844
31006852,1894
31009560,1997
31012256,2179
31015052,2070
31017664,2136
31020452,2211
31023164,2149
31025852,1957
31028556,2095
31031264,2007
31034060,1946
31036764,2016
31039460,1871
31042260,2221
31044964,2143
31047660,2140
31050456,2109
31053160,1981
31055852,2255
31058556,1945
31061352,1848
31064060,2072
31066752,1905
31069460,2071
31072060,2189
31074856,1987
31077560,2205
31080260,1919
31083052,1966
31085756,1871
31088452,2173
31091156,2144
31093864,1969
31096560,1991
31099260,1984
31102056,1844
31104752,2139
31107456,2177
31110160,2237
31112860,1965
31115656,2137
31118452,1874
31121140,2249
31123856,1964
31126556,2226
31129256,1959
31131960,1994
31134656,2167
31137356,2260
31140156,2228
31142852,1976
31145564,2165
31148352,2185
31151040,2137
31153764,2227
31156552,1922
31159168,2237
31161952,2216
31164656,2088
31167364,2012
31170064,2237
31172852,1902
31175560,1854
31178264,2233
31181060,1920
31183752,1955
31186456,1784
31189160,2015
31191860,1925
31194652,1981
31197356,2170
31200064,2256
31202764,2218
31205468,2237
31208164,1946
31210960,1953
31213660,1979
31216364,1832
31219152,1875
31221856,1974
31224560,1881
31227264,1932
31230060,2208
31232756,2238
31235552,1992
31238264,1880
31240960,2256
31243756,1940
31246460,1979
31249156,1960
31251864,1909
31254664,1816
31257360,2105
31260156,1895
31262860,1869
31265556,2145
31268260,1890
31270960,2005
31273656,1885
31276360,2031
31279056,2241
31281756,1944
31284460,1945
31287156,1898
31289952,1960
31292656,2238
31295364,1965
31298140,2199
31300852,2205
31303560,1975
31306256,1920
31308956,1936
31311652,2245
31314356,2239
31317152,1916
31319864,2188
31322568,1982
31325364,2135
31328064,2140
31330764,2145
31333560,2004
31336256,1922
31339052,1904
31341756,2136
31344452,1987
31347156,2148
31349952,1871
31352568,1944
31355352,1981
31358056,1865
31360756,2199
31363468,2137
31366264,2179
31368960,2223
31371664,2146
31374460,1934
31377156,1878
31379856,2133
31382560,1910
31385256,1802
31387960,1949
31390664,2221
31393460,2200
31396152,2197
31398860,2226
31401556,2224
31404260,1976
31406956,1949
31409752,1944
31412452,1948
31415160,1937
31417864,2142
31420640,2063
31423360,2211
31426064,1974
31428860,1890
31431556,1992
31434352,1886
31437056,2171
31439764,2223
31442552,2128
31445256,1903
31447964,1915
31450752,1980
31453456,2003
31456164,1909
31458868,1992
31461640,2136
31464356,1819
31467056,2128
31469760,1899
31472456,1883
31475252,2213
31477952,2226
31480660,1972
31483352,2205
31486056,1898
31488756,2129
31491456,2256
31494252,1950
31496864,1919
31499660,2238
31502364,2042
31505140,1916
31507864,1976
31510640,1973
31513264,2245
31515964,1937
31518760,1996
31521456,1998
31524160,1975
31526852,1997
31529556,2117
31532260,1927
31534956,1945
31537660,2271
31540360,2233
31543068,2058
31545860,1920
31548564,1955
31551352,2043
31554056,1955
31556756,2217
31559456,1944
31562160,1917
31564952,1983
31567564,2222
31570364,2081
31573064,2213
31575856,1866
31578560,2169
31581356,2075
31584052,1870
31586752,2140
31589368,1811
31592164,1982
31594856,2146
31597552,2066
31600256,2041
31602956,1878
31605652,1922
31608356,2092
31611152,1976
31613860,1807
31616564,2043
31619360,1874
31622056,2187
31624760,2097
31627460,1952
31630156,1967
31632952,1987
31635652,2245
31638360,1894
31641064,1987
31643860,1923
31646556,2250
31649260,1943
31652056,1958
31654760,2172
31657456,2003
31660156,2254
31662856,1979
31665568,1985
31668352,2066
31671060,2033
31673752,2028
31676464,1967
31679164,2061
31681868,2124
31684660,1861
31687356,1922
31690060,2205
31692764,2143
31695564,1865
31698256,1880
31700960,1937
31703756,2223
31706460,1855
31709156,1945
31711856,1981
31714564,1862
31717260,2263
31720056,2237
31722760,2234
31725456,1992
31728252,2192
31730952,2189
31733664,2227
31736452,2232
31739156,2131
31741864,1883
31744652,2143
31747352,2067
31750060,1948
31752760,1986
31755460,1994
31758252,2248
31760952,1956
31763656,1966
31766364,1940
31769064,2243
31771860,2213
31774560,2179
31777264,1884
31780056,2188
31782756,1974
31785460,1936
31788160,1989
31790856,1975
31793652,1821
31796364,1896
31799060,2141
31801856,2074
31804560,1963
31807260,2107
31809952,1915
31812664,2140
31815364,1864
31818160,1996
31820860,1871
31823564,2128
31826364,1971
31829064,1932
31831760,2231
31834556,2216
31837260,2113
31840052,2090
31842752,1984
31845364,1944
31848164,2159
31850856,1992
31853564,2045
31856264,2170
31859052,1949
31861764,1967
31864464,2003
31867260,1804
31869960,1825
31872660,2166
31875360,2137
31878056,1990
31880852,2159
31883556,1975
31886264,1881
31888968,1857
31891764,1933
31894460,1979
31897256,2001
31899960,1906
31902656,1947
31905452,1956
31908156,1978
31910864,1961
31913660,1980
31916364,1878
31919064,2151
31921860,2112
31924556,1962
31927264,1947
31929968,2103
31932752,2142
31935464,1976
31938240,1965
31940964,1964
31943664,1935
31946460,2222
31949156,2202
31951860,1961
31954656,1813
31957360,1941
31960056,1958
31962756,2133
31965460,2090
31968156,1995
31970952,1857
31973656,1963
31976352,2081
31979056,1963
31981760,1937
31984456,1977
31987252,2231
31989956,2004
31992664,2193
31995452,2167
31998156,1985
32000852,1893
32003564,1871
32006264,1960
32009052,1883
32011764,1979
32014464,2073
32017252,1915
32019952,2256
32022664,2141
32025360,2209
32028156,1965
32030856,2275
32033564,2111
32036264,2225
32039060,1971
32041752,2061
32044452,2164
32047164,2228
32049864,1884
32052564,2137
32055268,1985
32058060,1818
32060764,2208
32063460,2166
32066256,1937
32068956,2215
32071660,2031
32074352,1895
32077056,1835
32079760,1947
32082464,2204
32085164,2147
32087952,1904
32090656,2134
32093452,2063
32096156,1995
32098764,2096
32101560,1864
32104160,1873
32106860,1822
32109564,1976
32112360,2174
32115052,2063
32117764,2050
32120368,2240
32123160,1973
32125856,2247
32128556,1917
32131352,1933
32134060,1919
32136764,2181
32139556,1940
32142260,1992
32144956,2082
32147656,2234
32150352,1883
32152960,1961
32155752,2143
32158460,1981
32161160,2088
32163860,2176
32166556,1808
32169256,1950
32171960,2002
32174752,1943
32177456,1948
32180160,1956
32182864,2202
32185560,2139
32188268,2145
32191064,2166
32193852,1864
32196556,2232
32199260,1919
32201960,2181
32204656,2139
32207452,1955
32210152,1989
32212764,2240
32215560,1998
32218260,2146
32220956,2182
32223752,2212
32226452,2122
32229160,1999
32231864,1948
32234656,1891
32237364,1939
32240064,2200
32242860,1930
32245556,1894
32248340,2248
32251064,1972
32253760,1919
32256556,2132
32259268,1896
32261964,2203
32264756,1878
32267460,2261
32270060,2130
32272856,1968
32275556,2179
32278252,1835
32280860,2069
32283564,1943
32286360,2144
32289052,2001
32291660,1927
32294456,2177
32297156,1873
32299864,2253
32302564,1939
32305360,2135
32308056,2061
32310764,2205
32313560,1903
32316260,1887
32318960,1798
32321756,1848
32324464,1944
32327152,1998
32329856,2218
32332552,2235
32335256,2221
32337956,2131
32340664,2040
32343356,2207
32346064,1815
32348860,2168
32351560,1925
32354256,2204
32357052,1971
32359756,1990
32362364,1953
32365160,1970
32367864,1965
32370640,2146
32373364,2093
32376152,2214
32378764,1951
32381560,2167
32384264,2139
32386964,1974
32389760,2160
32392464,2187
32395252,1944
32397956,2225
32400660,1925
32403352,1993
32406056,1853
32408852,2049
32411556,2112
32414260,1938
32417056,2094
32419760,2096
32422452,2116
32425156,2233
32427864,1885
32430564,2192
32433360,1967
32436056,2189
32438840,2220
32441552,2204
32444260,1914
32446964,1927
32449760,2140
32452452,2200
32455060,1838
32457856,2145
32460564,1957
32463264,2162
32466060,2206
32468756,2155
32471552,1956
32474264,1974
32476960,1948
32479756,2194
32482460,1945
32485156,2133
32487856,2149
32490652,2110
32493256,2141
32495956,1987
32498652,2184
32501356,1887
32504156,2192
32506864,2187
32509568,1942
32512364,2251
32515056,2213
32517760,2182
32520556,2191
32523252,1847
32525952,1942
32528656,1962
32531340,1948
32534064,1934
32536852,1988
32539560,1964
32542264,1888
32545056,2241
32547752,2242
32550456,2093
32553252,2250
32555960,2170
32558652,1890
32561356,1974
32564064,2079
32566768,2144
32569540,2106
32572256,1971
32574960,1909
32577664,1945
32580360,1914
32583156,1922
32585856,2144
32588552,1853
32591256,2177
32593960,1870
32596656,1991
32599356,2144
32602052,2041
32604756,1821
32607460,1904
32610156,1916
32612952,1957
32615652,1961
32618360,2096
32621056,2012
32623756,2144
32626456,2136
32629240,1874
32631952,1942
32634660,2145
32637352,2195
32640152,2070
32642764,2238
32645560,2243
32648264,2105
32651052,2210
32653752,2239
32656552,1981
32659156,2142
32661860,1797
32664556,1889
32667256,2249
32669960,2002
32672656,1990
32675364,1965
32678140,1886
32680856,1994
32683560,2250
32686356,1867
32689064,1933
32691764,2077
32694560,2247
32697256,1969
32700052,2144
32702756,2000
32705464,1927
32708164,1928
32710864,1906
32713656,1898
32716360,2109
32719156,2235
32721864,2165
32724652,2217
32727352,1951
32730060,2085
32732764,2259
32735464,2173
32738256,1986
32740960,2177
32743660,2130
32746368,1901
32749152,2133
32751856,2029
32754556,2245
32757260,1816
32759964,1959
32762756,1948
32765460,1897
32768256,2234
32770960,2048
32773660,2174
32776452,2005
32779156,1969
32781856,2079
32784564,1998
32787260,1870
32790052,2150
32792764,2174
32795364,1949
32798064,2168
32800764,1879
32803560,1962
32806164,2072
32808868,1930
32811660,2239
32814364,2145
32817064,2123
32819764,1963
32822556,1967
32825260,1985
32827960,1954
32830660,1867
32833260,1986
32836052,2265
32838764,1870
32841456,2119
32844240,2231
32846960,1968
32849656,1933
32852356,1995
32855064,1902
32857760,1954
32860368,1961
32863152,2229
32865852,1866
32868556,2248
32871260,2247
32873960,2094
32876752,2209
32879460,1944
32882160,2169
32884864,2058
32887556,1835
32890268,1921
32893060,1794
32895752,2133
32898360,1880
32901052,2249
32903756,1914
32906456,2080
32909160,1949
32911860,1878
32914552,2261
32917256,2115
32919960,2192
32922660,1995
32925356,2206
32928056,2150
32930760,1974
32933552,2304
32936256,1986
32938960,2067
32941664,1947
32944456,2192
32947160,1865
32949856,2115
32952556,2123
32955260,2220
32957964,2005
32960740,1989
32963452,2084
32966152,1896
32968864,2035
32971560,2206
32974356,1979
32977056,1898
32979760,2205
32982460,1986
32985160,1884
32987856,1948
32990556,1916
32993260,2047
32995964,1981
32998752,2084
33001360,2135
33004152,1886
33006856,1873
33009560,1882
33012264,1974
33015056,2200
33017764,1949
33020456,1963
33023156,2262
33025864,2129
33028564,1980
33031356,1996
33034064,1922
33036764,1996
33039560,1911
33042256,1926
33044964,1941
33047756,1958
33050460,1967
33053164,2164
33055868,2078
33058564,1878
33061264,1976
33064056,1806
33066760,2164
33069464,1913
33072168,1848
33074952,2191
33077656,2275
33080452,2189
33083052,2063
33085756,2136
33088460,1904
33091252,1952
33093956,1961
33096640,2088
33099340,2137
33102052,1864
33104756,2221
33107456,1882
33110252,1974
33112960,1946
33115660,2218
33118456,2085
33121164,2056
33123856,2139
33126556,1973
33129252,2139
33131964,1823
33134664,1989
33137452,2220
33140156,1993
33142764,2143
33145468,1923
33148264,2253
33150864,1988
33153660,1950
33156360,1972
33159060,2117
33161852,2267
33164552,2157
33167260,1901
33169952,1978
33172656,2080
33175352,2089
33178052,1906
33180764,2081
33183460,1877
33186256,1994
33189052,1951
33191652,1853
33194356,2205
33197152,2136
33199764,2025
33202468,2170
33205260,1969
33207956,1844
33210660,2083
33213352,1968
33216056,1978
33218756,2141
33221440,2148
33224164,1903
33226864,2065
33229652,1952
33232352,1941
33235064,2220
33237764,1822
33240560,2019
33243264,1935
33245960,2048
33248752,2247
33251464,1812
33254164,2222
33256864,1971
33259660,1898
33262356,2182
33265140,2049
33267864,1988
33270464,2200
33273260,2060
33275860,1901
33278656,2081
33281360,2112
33284052,1995
33286764,1931
33289540,2176
33292256,1973
33294956,2258
33297752,1958
33300360,1939
33303156,2225
33305856,1973
33308560,1910
33311264,2136
33314060,1978
33316764,2172
33319464,1941
33322260,1948
33324956,1784
33327656,1933
33330356,2250
33333052,1944
33335752,2280
33338468,1916
33341164,2192
33343960,2115
33346664,1878
33349364,1957
33352160,2000
33354860,2047
33357556,2180
33360352,2023
33363064,2222
33365760,1871
33368460,1991
33371164,2189
33373952,2024
33376656,1910
33379440,1915
33382064,2251
33384756,2015
33387460,1976
33390256,1967
33392960,2140
33395664,1847
33398456,2129
33401160,1890
33403852,2193
33406556,1935
33409352,1987
33412060,1970
33414760,1849
33417460,2229
33420160,2027
33422952,2003
33425652,1881
33428360,1933
33431060,2169
33433764,2135
33436464,2189
33439260,1895
33441952,2043
33444560,1895
33447260,1956
33449964,2145
33452664,1997
33455460,1932
33458156,1873
33460856,2146
33463652,1956
33466264,1958
33469060,1976
33471764,1983
33474552,1893
33477256,1833
33479956,1929
33482652,1772
33485364,2175
33488068,2175
33490852,2063
33493556,2103
33496256,1968
33498964,2210
33501664,1977
33504460,1949
33507156,1902
33509860,2205
33512560,1958
33515256,2090
33518052,1966
33520764,1943
33523460,2256
33526164,2172
33528864,1979
33531652,2118
33534356,1977
33537152,1995
33539764,2206
33542560,1894
33545260,2002
33547964,2227
33550764,2201
33553464,1960
33556252,1913
33558956,1945
33561752,1851
33564356,2118
33567056,2030
33569764,2099
33572556,2273
33575164,1989
33577956,2245
33580656,2190
33583360,2201
33586060,2143
33588852,1845
33591552,2001
33594260,1933
33596960,1973
33599756,1983
33602452,2086
33605152,2147
33607864,2049
33610556,2023
33613264,2093
33616060,2249
33618764,1983
33621456,1962
33624168,1795
33626840,1993
33629564,2217
33632264,2085
33635052,1977
33637764,2213
33640464,1949
33643252,1922
33645964,2220
33648664,1977
33651452,1934
33654164,1813
33656864,1958
33659560,2154
33662356,2144
33665056,1932
33667764,1967
33670456,1975
33673160,2189
33675864,1833
33678560,1933
33681264,2236
33684060,2198
33686764,2137
33689468,2236
33692264,2164
33695040,1997
33697756,1952
33700456,2058
33703252,2130
33705960,1991
33708664,1818
33711456,2164
33714164,2067
33716864,1995
33719660,1959
33722356,1953
33725068,1916
33727864,1832
33730568,1819
33733352,1783
33735960,2016
33738664,2142
33741460,1850
33744152,2120
33746860,1975
33749552,2127
33752256,2044
33754964,2173
33757664,2139
33760460,1958
33763152,2016
33765856,2199
33768652,2142
33771356,2188
33774060,2195
33776760,2221
33779456,2128
33782252,1933
33784964,2064
33787564,1939
33790360,1953
33793064,1925
33795852,1956
33798552,1883
33801260,1883
33803956,1983
33806656,1970
33809360,1962
33812156,1945
33814856,1959
33817564,1968
33820356,2182
33823060,1917
33825756,2019
33828456,1965
33831156,2229
33833864,1991
33836556,2024
33839256,1793
33841964,2224
33844664,2108
33847460,1903
33850156,1982
33852856,2220
33855652,2165
33858360,1966
33861060,2108
33863764,2141
33866540,1933
33869264,1876
33871864,1979
33874660,1963
33877352,1835
33880060,1932
33882760,1981
33885556,1970
33888352,1985
33890964,1875
33893760,1841
33896464,1898
33899252,1898
33901952,1946
33904668,1943
33907364,2159
33910056,2180
33912764,1927
33915464,1887
33918260,2246
33920956,2035
33923668,2209
33926460,1977
33929060,2141
33931856,2138
33934556,2142
33937264,2082
33939964,2251
33942760,1948
33945456,2225
33948168,2063
33950940,1882
33953656,2056
33956356,2149
33959060,1911
33961756,2207
33964464,1954
33967260,1935
33969956,2179
33972752,2000
33975464,2067
33978164,2030
33980864,2136
33983660,1953
33986260,2101
33989056,1854
33991852,1959
33994464,1968
33997264,2026
33999964,1780
34002752,2041
34005464,1983
34008164,2138
34010864,1777
34013656,2208
34016360,2077
34019056,2183
34021756,1916
34024552,2093
34027164,2266
34029952,2243
34032664,1982
34035360,2231
34038060,2256
34040764,2262
34043464,2163
34046260,2055
34048960,2126
34051752,2162
34054464,1941
34057160,1961
34059952,1830
34062656,1979
34065268,2248
34068060,2197
34070840,1958
34073556,1907
34076260,2006
34079056,2109
34081740,2251
34084460,2216
34087164,2138
34089952,2213
34092664,1915
34095356,1956
34098064,1982
34100764,1983
34103556,2024
34106264,2165
34108952,1997
34111668,1907
34114352,2126
34117056,1975
34119768,2126
34122552,2033
34125256,1893
34127968,2043
34130664,2220
34133356,2073
34136060,2133
34138856,2073
34141560,2198
34144260,2191
34146956,2205
34149660,2146
34152260,2261
34154960,1955
34157756,2016
34160460,1954
34163156,1989
34165856,1990
34168564,1981
34171264,2089
34174060,2082
34176756,2144
34179464,1891
34182260,2003
34184956,1949
34187740,1976
34190464,2004
34193160,1877
34195952,1916
34198656,2172
34201352,1957
34204056,1900
34206852,2147
34209556,2133
34212260,2208
34214960,2122
34217560,1958
34220356,1944
34223064,2165
34225764,1960
34228560,2135
34231256,2194
34233968,1910
34236752,1975
34239460,1951
34242156,1808
34244856,1958
34247560,1815
34250256,1874
34252956,1871
34255664,1960
34258364,2016
34261160,1963
34263852,2163
34266556,1980
34269268,2144
34271952,1937
34274656,1943
34277364,1875
34280064,1886
34282860,1983
34285556,1933
34288264,1984
34291040,2229
34293756,2172
34296460,2031
34299256,1925
34301960,1879
34304656,2163
34307356,1895
34310052,2185
34312764,2133
34315552,2083
34318260,2136
34320964,1889
34323660,1975
34326368,1971
34329164,1974
34331952,1967
34334660,1901
34337364,2133
34340156,2248
34342864,2206
34345564,1877
34348360,1977
34351056,1938
34353852,2173
34356556,2147
34359260,1938
34362056,2165
34364756,1984
34367452,2112
34370060,2236
34372856,1826
34375564,1975
34378340,2163
34381052,2074
34383760,1940
34386464,1882
34389168,2057
34391956,1914
34394660,2235
34397440,1912
34400064,2259
34402860,2148
34405560,2199
34408340,1936
34411060,2129
34413764,1950
34416464,2225
34419260,1915
34421964,1882
34424668,2082
34427368,1936
34430160,1981
34432856,1902
34435556,1993
34438256,2011
34440964,1950
34443652,2085
34446264,1808
34449060,2069
34451740,1919
34454456,1961
34457156,2261
34459860,1939
34462564,1938
34465264,1977
34468060,1904
34470756,2124
34473464,1941
34476260,1971
34478956,1945
34481752,2205
34484452,2138
34487160,2162
34489864,2259
34492656,2154
34495352,2079
34498056,2120
34500768,1951
34503556,1951
34506256,2226
34508960,2142
34511652,1986
34514356,1963
34517068,1891
34519856,2219
34522560,1892
34525260,1924
34527956,1861
34530660,2132
34533352,1896
34535960,1953
34538756,2151
34541464,2033
34544168,2175
34546952,1930
34549660,2027
34552364,2139
34555140,2249
34557764,1975
34560464,1923
34563256,1881
34565964,1936
34568664,1890
34571460,2155
34574152,1948
34576856,2235
34579564,1853
34582352,2143
34584960,2019
34587752,1916
34590460,1895
34593164,1944
34595960,2224
34598656,2237
34601356,1865
34604152,2217
34606768,1870
34609564,2225
34612268,1971
34615052,2029
34617756,1881
34620368,2197
34623164,2249
34625856,2050
34628560,1796
34631252,2220
34633956,1956
34636664,1929
34639364,2236
34642160,2072
34644856,1956
34647556,1975
34650352,1989
34653060,1989
34655764,1872
34658556,1958
34661252,1965
34663956,2218
34666656,2036
34669352,2026
34672056,2042
34674756,1893
34677452,1972
34680156,1834
34682860,2207
34685564,2251
34688360,1960
34691052,2173
34693756,1921
34696552,2176
34699168,2217
34701964,1944
34704656,2191
34707364,2225
34710140,1896
34712852,1897
34715552,2081
34718252,2259
34720956,2136
34723664,1929
34726364,2227
34729160,1980
34731856,2114
34734652,1987
34737364,2147
34739968,1946
34742764,2138
34745464,1997
34748252,2088
34750956,2225
34753752,1925
34756460,1949
34759160,1810
34761864,2143
34764652,2030
34767356,2218
34770060,1885
34772756,1901
34775460,2249
34778160,1896
34780856,2175
34783556,1851
34786252,2238
34788956,1974
34791660,2193
34794368,2255
34797152,2015
34799856,2147
34802552,1979
34805256,1891
34808052,1994
34810760,2044
34813464,1960
34816260,2144
34818964,1912
34821664,1988
34824456,2193
34827164,2040
34829864,1950
34832660,1875
34835364,1950
34838064,2075
34840860,2147
34843556,2126
34846264,1980
34849060,2142
34851756,1939
34854468,2254
34857240,2207
34859956,2234
34862660,1944
34865360,2157
34868056,1927
34870840,1914
34873552,2141
34876260,1953
34878964,1981
34881664,1963
34884452,1954
34887164,1898
34889952,1954
34892656,2256
34895360,2141
34898060,1811
34900756,1923
34903540,2105
34906264,1985
34908960,1886
34911752,2147
34914464,1948
34917164,1887
34919956,2284
34922660,2144
34925356,1961
34928140,2190
34930864,2085
34933560,1988
34936264,1934
34939056,2003
34941764,1959
34944464,1903
34947260,1944
34949956,1994
34952656,2062
34955452,1783
34958160,2173
34960864,1942
34963656,2256
34966364,1908
34969064,2184
34971864,1935
34974560,2196
34977264,2142
34980056,2136
34982764,1990
34985464,2195
34988260,2122
34990956,2236
34993752,2155
34996456,2201
34999164,2234
35001868,1889
35004652,1841
35007360,2099
35010064,2151
35012768,1943
35015556,2207
35018260,1899
35021056,2141
35023764,2180
35026464,2266
35029260,2193
35031960,1910
35034756,1965
35037460,2252
35040156,1930
35042952,2127
35045652,2048
35048360,1882
35051052,1955
35053756,2121
35056456,1989
35059156,2135
35061864,2200
35064640,1917
35067364,2105
35070152,2289
35072860,1957
35075560,2229
35078356,1910
35081064,1829
35083764,1853
35086560,2232
35089256,1944
35091960,2170
35094660,1812
35097356,2235
35100152,1909
35102856,1829
35105564,1891
35108268,1874
35111064,1930
35113760,2098
35116552,2001
35119260,1942
35121956,2163
35124752,1866
35127452,1973
35130160,2229
35132864,1935
35135660,2176
35138356,1908
35141152,1991
35143856,1940
35146552,2105
35149160,1924
35151864,2056
35154664,1910
35157356,1900
35160152,1927
35162768,2184
35165564,1972
35168168,1976
35170952,2103
35173656,2189
35176352,1819
35179056,1960
35181760,1792
35184460,2141
35187256,2184
35189956,1977
35192656,2039
35195452,1879
35198156,1976
35200852,1899
35203552,2227
35206256,1947
35208952,1989
35211656,2245
35214452,1987
35217052,1878
35219756,1952
35222464,2271
35225260,2176
35227964,2261
35230660,2068
35233364,2245
35236156,1978
35238860,1881
35241552,2240
35244252,1966
35246960,1862
35249664,2026
35252456,1958
35255152,2211
35257864,2059
35260652,2235
35263356,2142
35266052,1957
35268764,1865
35271460,2083
35274256,2170
35276956,2159
35279664,1952
35282440,1978
35285164,1989
35287860,1941
35290560,2092
35293356,2068
35296064,1969
35298752,1986
35301540,2137
35304164,1976
35306960,2126
35309664,1929
35312452,2069
35315152,1949
35317860,1872
35320556,2227
35323260,1929
35325960,2248
35328660,2249
35331360,1889
35334056,2172
35336756,2079
35339460,2154
35342156,2187
35344868,2140
35347660,1984
35350264,1940
35353060,2139
35355764,1997
35358552,1921
35361256,2224
35363960,2253
35366656,2024
35369356,2085
35372152,1867
35374860,2016
35377560,1970
35380264,1940
35383052,1901
35385756,1863
35388552,2145
35391168,2193
35393964,1932
35396664,1899
35399452,2225
35402156,2142
35404768,1889
35407564,2241
35410256,2232
35412960,1976
35415756,2188
35418456,2238
35421164,1985
35423960,1810
35426652,1988
35429360,2082
35432052,2221
35434756,2231
35437452,1965
35440164,1937
35442868,1982
35445564,2179
35448264,1948
35451060,2242
35453756,2196
35456552,1905
35459264,2007
35461960,2203
35464652,1942
35467368,2034
35470052,1973
35472756,1807
35475552,2241
35478164,2000
35480960,1966
35483664,2157
35486452,1994
35489152,1872
35491868,1988
35494564,2185
35497256,2136
35499964,2213
35502668,1938
35505464,2134
35508160,2037
35510956,2263
35513660,1973
35516352,1838
35519056,2246
35521760,1953
35524456,1990
35527168,2206
35529952,2072
35532660,2121
35535356,2114
35538060,1822
35540756,1972
35543364,2225
35546156,2208
35548856,1993
35551556,2118
35554256,1989
35556864,2257
35559656,1977
35562352,2241
35565056,2149
35567852,1873
35570464,1909
35573260,1880
35575964,2133
35578756,2259
35581460,2236
35584256,2200
35586960,1939
35589652,2136
35592356,2187
35595052,1960
35597756,1940
35600552,2064
35603260,1965
35605960,2171
35608756,1954
35611464,2201
35614164,1991
35616960,2168
35619656,2241
35622452,2085
35625152,2086
35627840,1862
35630552,2271
35633256,1964
35635956,1955
35638656,2203
35641452,1985
35644160,2202
35646864,1969
35649564,1941
35652352,2209
35655056,2099
35657852,2180
35660464,1914
35663252,2248
35665964,2011
35668660,1977
35671456,2097
35674160,1990
35676860,2139
35679560,2051
35682264,2072
35685060,1983
35687756,1799
35690452,2134
35693164,2186
35695856,1949
35698552,2187
35701256,2199
35703960,1890
35706564,2084
35709360,1927
35712064,2171
35714764,2139
35717464,2007
35720260,1991
35722956,1920
35725656,2002
35728364,1979
35731064,1935
35733860,1942
35736560,2159
35739356,1933
35742056,1838
35744752,1937
35747456,1924
35750160,1862
35752856,2147
35755560,2067
35758264,1933
35761056,2205
35763756,2188
35766460,1996
35769156,1876
35771952,1975
35774656,2181
35777352,2158
35780056,2242
35782760,2236
35785456,1950
35788164,2016
35790960,2243
35793656,1938
35796360,2175
35799064,2052
35801664,1883
35804364,1974
35807156,2241
35809860,1973
35812652,2131
35815364,1868
35818064,1919
35820864,2084
35823560,1860
35826356,1981
35829064,2205
35831760,1941
35834560,1930
35837264,1921
35839964,2091
35842752,1956
35845456,2206
35848160,1979
35850864,2236
35853656,2181
35856364,2227
35859064,1982
35861860,2194
35864556,2170
35867352,2244
35870064,1996
35872764,1929
35875556,2268
35878164,2173
35880860,2202
35883656,1897
35886360,2195
35889056,1980
35891764,2129
35894560,1813
35897256,2250
35899956,1950
35902660,2237
35905360,2184
35908152,1937
35910852,1999
35913560,1981
35916264,2241
35919060,1897
35921760,1944
35924552,1946
35927256,1945
35929960,2167
35932656,2209
35935356,1987
35938052,1928
35940756,2218
35943460,1880
35946156,2050
35948856,1882
35951564,2210
35954360,1899
35957064,1936
35959760,1953
35962560,2093
35965264,2179
35967960,2136
35970664,2140
35973456,1862
35976152,2216
35978856,2257
35981560,2111
35984256,2227
35987040,2165
35989752,2030
35992440,1938
35995164,2215
35997952,1953
36000660,2249
36003352,1912
36006056,1963
36008764,1944
36011468,1948
36014264,1971
36016960,1943
36019752,2241
36022464,2009
36025164,1963
36027864,1943
36030660,1930
36033356,2150
36036140,2047
36038864,2197
36041564,2221
36044268,1848
36047064,2241
36049756,2136
36052552,2188
36055252,2006
36057860,1943
36060652,2042
36063356,2254
36066060,2066
36068764,2181
36071540,2236
36074256,2192
36076956,2150
36079660,2142
36082356,2261
36085060,1811
36087764,2131
36090468,1980
36093260,2239
36095956,1829
36098752,1875
36101456,2154
36104068,1814
36106860,2210
36109564,1972
36112352,1961
36115056,2176
36117756,1960
36120452,1995
36123156,2271
36125856,1993
36128564,2240
36131252,1943
36133964,2246
36136664,1956
36139364,2124
36142156,1950
36144864,2149
36147556,2117
36150260,2199
36153056,2014
36155664,2194
36158452,2165
36161156,2140
36163856,2052
36166564,1885
36169252,1984
36171968,2201
36174652,2199
36177352,2148
36180140,2136
36182764,1977
36185468,2146
36188264,1874
36190960,1815
36193752,1888
36196468,2167
36199152,2210
36201856,1952
36204468,2236
36207264,2180
36209956,2169
36212640,2112
36215364,2229
36218152,2237
36220860,1900
36223564,2231
36226360,1944
36229056,2165
36231756,1971
36234460,1794
36237156,2139
36239864,2014
36242640,2067
36245356,2213
36248060,2219
36250760,1935
36253456,1933
36256240,2273
36258964,1943
36261656,2091
36264360,1811
36267152,2133
36269768,1972
36272552,1897
36275264,1993
36277960,1872
36280664,1949
36283440,1902
36286164,2204
36288856,1912
36291564,2233
36294264,2233
36297064,1938
36299760,1957
36302552,1913
36305256,2258
36307964,1915
36310664,2180
36313464,2077
36316068,2030
36318864,2242
36321556,1920
36324264,1901
36327040,1979
36329752,1972
36332460,2300
36335164,1955
36337864,2189
36340652,2248
36343356,1916
36346060,2256
36348840,1971
36351552,1869
36354256,2000
36356952,2240
36359656,1938
36362452,2119
36365160,1900
36367860,1931
36370564,1898
36373352,1979
36376056,2131
36378840,1952
36381556,1923
36384260,1907
36387056,2041
36389760,2123
36392456,1936
36395156,2159
36397856,2034
36400640,2084
36403268,1953
36406056,2135
36408756,2042
36411552,1994
36414164,1942
36416940,1943
36419660,2230
36422360,2073
36425060,2197
36427764,1860
36430560,2124
36433256,1939
36435964,1931
36438664,2200
36441452,1937
36444064,2020
36446860,2055
36449556,1977
36452264,2023
36454968,2179
36457760,1897
36460360,2035
36463064,2064
36465856,1876
36468552,2102
36471256,2130
36474052,2283
36476664,1888
36479464,1803
36482240,2132
36484860,2158
36487656,1923
36490356,2173
36493052,1938
36495756,2144
36498552,1896
36501164,2133
36503868,1889
36506660,1840
36509356,2135
36512060,2246
36514764,1996
36517540,2256
36520264,1879
36522960,2183
36525756,2128
36528460,2201
36531064,1932
36533860,2133
36536640,1953
36539356,1921
36542056,2133
36544760,1878
36547456,1967
36550252,1957
36552956,2145
36555664,1917
36558440,1936
36561152,1850
36563856,1969
36566560,2134
36569356,1992
36572064,1990
36574768,2133
36577552,2218
36580260,1911
36582952,2160
36585656,1984
36588352,1954
36591056,2185
36593852,2214
36596564,2211
36599268,2167
36602064,1899
36604760,1986
36607556,1954
36610252,2251
36612960,2212
36615664,1915
36618460,1969
36621156,2066
36623856,1898
36626560,2316
36629256,1962
36632052,2079
36634764,1888
36637452,1964
36640156,2210
36642952,1933
36645568,1924
36648364,1921
36651068,2183
36653856,1880
36656560,1955
36659264,1974
36662052,1812
36664764,1939
36667540,1948
36670156,1889
36672860,1911
36675552,2140
36678256,1994
36680960,1999
36683564,1929
36686360,1908
36689064,2065
36691852,2172
36694556,1907
36697356,1875
36700064,2033
36702852,2236
36705552,1953
36708260,1961
36710952,1868
36713656,2043
36716364,2039
36719064,1958
36721840,2097
36724556,2235
36727260,2257
36730052,1973
36732760,1989
36735464,1978
36738252,2072
36740956,2156
36743660,1890
36746364,1902
36749152,2002
36751856,2207
36754652,2037
36757360,2207
36760052,2059
36762756,2182
36765452,2093
36768156,2261
36770952,1967
36773660,2206
36776364,1970
36779156,1992
36781856,2050
36784640,2019
36787364,1917
36790060,2218
36792856,2000
36795560,1949
36798256,1910
36801052,2071
36803752,2206
36806460,2180
36809068,1963
36811860,1921
36814556,2128
36817256,2035
36819952,1976
36822656,1949
36825356,1882
36828064,2142
36830840,2208
36833552,2231
36836168,2184
36838952,2052
36841664,2254
36844364,2127
36847160,2046
36849860,1957
36852568,1928
36855364,1984
36858152,1939
36860860,2038
36863564,1992
36866352,1863
36869060,2018
36871760,1943
36874460,2181
36877156,1939
36879856,2044
36882556,2010
36885264,2164
36887952,2246
36890664,2138
36893360,2033
36896060,2075
36898752,1930
36901452,1893
36904156,1889
36906860,1884
36909552,2157
36912264,1982
36914964,1943
36917756,2026
36920460,2117
36923060,1989
36925760,2172
36928456,2253
36931156,1963
36933952,1949
36936660,2256
36939360,1938
36942060,1983
36944764,2238
36947560,2158
36950264,2143
36953056,2028
36955756,2103
36958556,2129
36961264,2265
36963964,2222
36966760,2030
36969452,1912
36972156,1967
36974952,1939
36977660,2044
36980360,1923
36983156,2135
36985952,2161
36988552,1869
36991256,2201
36993964,1939
36996664,1918
36999460,2155
37002156,2234
37004952,2062
37007656,2237
37010352,2141
37013052,2176
37015756,1832
37018464,1947
37021164,2207
37023960,1966
37026660,2187
37029456,2194
37032156,2151
37034864,1893
37037568,2243
37040352,2118
37042964,1976
37045760,1996
37048464,1938
37051156,1945
37053952,2252
37056668,2209
37059364,1964
37062064,1904
37064860,1862
37067460,2163
37070256,1877
37072956,1894
37075652,2046
37078356,1975
37081060,2160
37083856,2170
37086464,2111
37089256,2154
37091960,2199
37094660,1885
37097356,2211
37100152,2232
37102856,2032
37105564,2062
37108340,2165
37111052,1985
37113760,1954
37116452,1903
37119160,2213
37121856,1949
37124568,1999
37127360,1955
37130056,1816
37132852,1952
37135552,1929
37138256,1990
37140960,1917
37143664,2156
37146360,2261
37149152,1916
37151856,2172
37154552,1958
37157256,2144
37159956,2211
37162656,1920
37165356,1973
37168064,2041
37170768,2102
37173564,1886
37176260,1905
37178964,1871
37181756,1941
37184464,2269
37187168,2178
37189964,1949
37192660,2168
37195456,1977
37198156,1880
37200864,1975
37203656,2055
37206360,1925
37209064,2211
37211860,2145
37214564,2016
37217260,2215
37219964,1939
37222664,2227
37225440,1966
37228164,2035
37230952,2054
37233660,1888
37236360,2243
37239156,1978
37241852,2056
37244556,2193
37247260,1968
37249956,2077
37252752,1896
37255456,2117
37258164,1859
37260864,1940
37263564,1933
37266352,2063
37269056,2242
37271760,1936
37274460,2159
37277252,2253
37279952,1883
37282664,1998
37285356,2118
37288056,2089
37290752,2219
37293452,2113
37296240,2235
37298852,1872
37301556,2267
37304252,2172
37306860,1985
37309656,1878
37312364,2053
37315064,2183
37317860,2265
37320464,2160
37323164,1915
37325960,2092
37328656,1974
37331452,2081
37334164,1871
37336864,2153
37339564,1940
37342360,1899
37345060,1936
37347760,1936
37350556,2219
37353264,2165
37356040,1928
37358764,1971
37361460,2189
37364252,2265
37366956,2154
37369664,2226
37372364,1970
37375068,2255
37377856,1986
37380560,2135
37383160,1993
37385956,2083
37388656,1980
37391452,1955
37394064,2085
37396840,1895
37399560,2243
37402256,1877
37404960,2249
37407656,2230
37410360,2132
37413060,1986
37415664,2216
37418460,2239
37421164,1931
37423860,2133
37426660,2229
37429360,1975
37432140,1990
37434852,2136
37437556,2064
37440256,1942
37442956,1824
37445668,2146
37448456,1961
37451156,2031
37453860,1978
37456460,2064
37459160,1951
37461864,1949
37464664,1954
37467356,2132
37470052,2165
37472756,1964
37475460,1996
37478156,1947
37480952,2187
37483664,1970
37486360,2132
37489064,2053
37491856,1894
37494552,1943
37497256,1917
37499960,1903
37502656,2019
37505360,1969
37508056,1960
37510760,1945
37513452,1946
37516160,1984
37518864,1958
37521652,1923
37524356,2225
37527060,1907
37529856,1853
37532560,2187
37535256,1948
37537956,2109
37540656,2207
37543356,2149
37546060,2250
37548756,1942
37551460,2131
37554164,1868
37556952,2172
37559656,1895
37562352,2193
37565056,2181
37567760,2252
37570456,1950
37573252,1911
37575956,2188
37578652,2250
37581356,1993
37584060,1953
37586756,1888
37589552,2149
37592256,2135
37594952,1950
37597656,2146
37600360,1940
37603060,2017
37605852,1954
37608568,1984
37611264,2027
37614052,1939
37616764,2147
37619464,1902
37622260,2130
37624964,2242
37627752,2130
37630456,1947
37633160,1920
37635856,2167
37638560,1984
37641260,1944
37643960,2172
37646660,2202
37649364,1942
37652160,2021
37654856,1814
37657564,1985
37660340,1982
37663052,1960
37665668,2143
37668464,2037
37671156,1966
37673856,1975
37676560,2240
37679352,2116
37682064,2154
37684852,2167
37687552,1907
37690164,2198
37692864,2152
37695660,1941
37698356,2130
37701152,1995
37703864,1981
37706564,1902
37709264,2175
37712056,2149
37714752,2219
37717456,2019
37720160,2007
37722856,2245
37725652,1925
37728364,2192
37731060,2258
37733856,1954
37736560,1921
37739264,2039
37742064,1993
37744852,2115
37747556,1985
37750164,2220
37752964,1936
37755660,2010
37758456,1957
37761160,2153
37763856,2223
37766652,1955
37769364,1904
37772060,2111
37774856,1880
37777468,2126
37780256,1952
37782956,2178
37785660,2254
37788356,1940
37791056,2153
37793760,1997
37796456,1981
37799156,2209
37801852,1946
37804556,1897
37807356,1932
37810064,2155
37812764,1863
37815540,2148
37818260,1953
37820960,2137
37823756,2248
37826456,1937
37829156,1955
37831860,2270
37834556,1881
37837352,2235
37840056,1883
37842764,1905
37845464,2218
37848264,2224
37850960,2263
37853652,1943
37856356,2002
37859064,1985
37861764,2197
37864564,1987
37867260,2172
37869952,2291
37872752,1805
37875364,1952
37878160,2150
37880864,1943
37883564,2048
37886256,2270
37888956,2009
37891656,2255
37894356,2108
37897056,1946
37899756,1873
37902460,1963
37905156,2209
37907860,1968
37910652,1998
37913360,1978
37916064,1968
37918860,1976
37921556,2213
37924352,1947
37927068,1985
37929752,1985
37932456,2007
37935252,2227
37937868,1910
37940652,2261
37943364,2153
37946064,1865
37948860,2005
37951564,2051
37954352,1901
37957056,1945
37959760,2127
37962456,2225
37965160,1876
37967856,1882
37970560,1946
37973264,2207
37975960,2153
37978756,1960
37981452,1922
37984160,2221
37986864,2148
37989660,2005
37992356,1947
37995152,2185
37997856,1866
38000564,1943
38003352,2147
38006052,2136
38008764,1852
38011464,2284
38014260,1955
38016960,2202
38019752,2107
38022456,2175
38025160,1944
38027856,2054
38030556,2248
38033252,2090
38035956,1945
38038660,2047
38041356,2210
38044152,1955
38046856,1930
38049564,1978
38052264,2183
38055060,2228
38057756,1943
38060460,2262
38063256,2224
38065964,1879
38068740,2208
38071464,1865
38074164,1953
38076960,2238
38079664,2273
38082456,1802
38085160,2030
38087864,1984
38090652,1923
38093356,2034
38096056,2025
38098752,1992
38101452,2236
38104252,1967
38106864,2122
38109564,2197
38112360,2235
38115060,2244
38117856,2136
38120560,2210
38123256,1964
38125956,1916
38128660,1953
38131364,2035
38134164,1875
38136764,1900
38139552,2175
38142256,1851
38144964,1870
38147664,1973
38150440,1991
38153156,1922
38155860,2096
38158656,2259
38161364,2265
38164064,1930
38166860,2136
38169560,1870
38172252,1978
38174956,2112
38177664,2032
38180368,2049
38183152,2269
38185860,1880
38188564,2121
38191360,2150
38194056,1821
38196852,1922
38199552,1981
38202260,1946
38204964,1950
38207752,1864
38210464,1961
38213164,1983
38215952,2002
38218660,2118
38221364,2176
38224156,2018
38226856,1972
38229556,2019
38232264,2163
38235052,1881
38237756,1980
38240460,2191
38243156,1979
38245952,2156
38248656,1942
38251352,2205
38254060,2115
38256856,1948
38259560,1961
38262256,1984
38264960,2189
38267656,2189
38270452,1891
38273156,2229
38275852,2012
38278556,2210
38281352,1964
38283964,2137
38286764,2188
38289368,1951
38292152,2215
38294860,2147
38297564,2124
38300352,1997
38303056,1903
38305752,2138
38308456,1957
38311160,1866
38313860,2131
38316656,1885
38319360,2015
38322152,1986
38324856,1896
38327556,1931
38330256,1861
38332960,1849
38335756,1964
38338452,1911
38341160,2251
38343860,1887
38346560,2026
38349252,1947
38351968,1971
38354664,2074
38357464,1875
38360252,1931
38362960,1953
38365652,1973
38368360,2121
38371056,2243
38373852,2028
38376568,2176
38379264,2139
38382064,2219
38384760,2019
38387456,1985
38390252,1927
38392956,1871
38395656,1945
38398452,2258
38401160,2135
38403852,1852
38406556,2172
38409268,1849
38411952,2315
38414656,2151
38417360,2124
38420064,2147
38422852,1934
38425560,1946
38428260,2147
38431056,1929
38433760,2245
38436464,2137
38439156,1851
38441864,2137
38444552,2157
38447256,1788
38449964,2247
38452668,2127
38455368,2203
38458156,2089
38460856,2132
38463652,2226
38466352,1956
38469052,2264
38471668,2039
38474464,1976
38477156,1970
38479860,1931
38482656,2173
38485356,2105
38488052,2061
38490756,2084
38493456,2223
38496156,1973
38498856,2146
38501560,2172
38504256,2183
38507052,2162
38509764,1970
38512364,2163
38515160,1797
38517864,2141
38520652,1975
38523356,1977
38526056,1953
38528752,1958
38531456,1961
38534240,1842
38536852,2068
38539556,1952
38542264,2136
38545040,1895
38547752,2193
38550364,1954
38553160,1984
38555952,1806
38558564,1896
38561360,2204
38564060,2005
38566764,2272
38569560,2225
38572264,1911
38574960,2249
38577756,1944
38580460,2079
38583156,2013
38585868,2237
38588652,1902
38591360,1955
38594064,1994
38596856,2136
38599552,2155
38602256,1940
38605052,1880
38607760,1948
38610460,2214
38613256,2023
38615964,1832
38618752,2193
38621452,2076
38624140,2075
38626864,1878
38629556,1868
38632256,2125
38634956,2129
38637660,2155
38640356,2141
38643152,2063
38645856,2219
38648552,1964
38651256,1951
38654052,2160
38656752,2150
38659456,2261
38662252,2186
38664864,2128
38667660,1977
38670364,1972
38673152,2187
38675856,1925
38678564,2135
38681252,2208
38683956,1979
38686664,2308
38689364,1860
38692064,1958
38694852,1946
38697556,2063
38700260,2014
38702956,2253
38705564,2145
38708364,2212
38711060,1981
38713852,2224
38716556,2126
38719264,1967
38722040,2180
38724764,2251
38727460,2044
38730252,2300
38732956,1890
38735664,1985
38738440,2198
38741164,1915
38743860,2225
38746556,2238
38749352,2133
38751968,2165
38754752,1997
38757540,2135
38760164,2065
38762960,2213
38765664,1948
38768452,2208
38771156,2042
38773860,2160
38776460,2075
38779260,2090
38781960,1813
38784660,1901
38787360,1824
38790056,2228
38792760,1960
38795460,2164
38798252,1986
38800956,2002
38803656,2257
38806352,1934
38809056,1982
38811760,1871
38814456,2212
38817160,2001
38819952,1944
38822660,1935
38825356,1893
38828056,1913
38830756,2213
38833456,1928
38836164,1996
38838960,1950
38841664,1995
38844360,1963
38847152,1897
38849860,1979
38852556,2257
38855256,2155
38857960,2181
38860564,2122
38863352,1939
38866064,2185
38868764,2141
38871564,2247
38874268,2190
38877056,2229
38879760,2213
38882560,2146
38885256,1892
38887960,1932
38890752,2245
38893464,1936
38896164,1961
38898960,2217
38901660,1929
38904456,2165
38907160,1979
38909860,2057
38912660,2133
38915360,1981
38918056,1886
38920852,1864
38923552,1882
38926260,2242
38928960,2246
38931664,2223
38934452,2180
38937156,2183
38939856,1970
38942552,1979
38945164,2062
38947956,1890
38950652,2161
38953356,1808
38956152,1934
38958764,2099
38961540,1986
38964264,1926
38966960,2214
38969756,1966
38972552,2163
38975164,2182
38977952,2225
38980564,2237
38983364,2131
38986056,2247
38988760,1942
38991464,2212
38994264,2265
38996960,2019
38999752,2206
39002456,1882
39005164,1926
39007864,2005
39010660,1946
39013356,1932
39016152,1921
39018856,1894
39021564,1944
39024264,1939
39027052,2137
39029764,1898
39032452,2160
39035156,2172
39037864,1893
39040652,2243
39043352,2060
39046060,1994
39048764,1980
39051464,2248
39054252,1954
39056952,1921
39059656,1904
39062364,2236
39065152,1979
39067856,1909
39070564,1941
39073264,2242
39076052,1874
39078756,1956
39081460,2232
39084256,2229
39086952,2294
39089656,1924
39092452,1895
39095140,2113
39097852,1805
39100556,1880
39103264,1990
39106052,1813
39108768,1954
39111456,2129
39114160,1911
39116956,1943
39119664,2205
39122364,1887
39125160,2177
39127860,1792
39130656,1908
39133360,2144
39136056,2192
39138852,1993
39141556,1990
39144256,1910
39146960,2240
39149752,2271
39152464,1880
39155168,1948
39157956,1893
39160664,2192
39163368,1999
39166164,2251
39168860,2143
39171656,2140
39174360,2215
39177060,2020
39179856,1962
39182556,2213
39185256,2075
39187960,2053
39190756,1962
39193464,1927
39196252,1873
39198956,2081
39201664,1951
39204364,1966
39207160,2199
39209856,2142
39212652,1975
39215356,2177
39218056,1942
39220760,1956
39223460,1891
39226160,1981
39228952,1940
39231656,1979
39234356,2225
39237152,2175
39239864,2124
39242552,2181
39245256,1866
39248052,1947
39250664,2136
39253460,2233
39256168,2118
39258956,1964
39261660,2152
39264368,1938
39267156,2103
39269860,2135
39272656,1989
39275364,1918
39278152,1926
39280856,1949
39283564,1998
39286268,2138
39289052,2060
39291668,2149
39294452,1923
39297160,2150
39299856,2151
39302652,2183
39305356,2141
39308064,2244
39310852,2147
39313556,1948
39316256,2240
39319052,1938
39321768,1915
39324464,1856
39327256,1939
39329960,2201
39332652,2017
39335356,2195
39338056,2099
39340764,2152
39343456,2164
39346164,1929
39348864,2174
39351660,1912
39354356,2221
39357152,1971
39359852,1843
39362552,1986
39365264,1991
39367956,2212
39370652,1865
39373356,1917
39376056,2165
39378764,1954
39381464,1816
39384260,1904
39386956,2148
39389660,1931
39392360,2269
39394964,2114
39397756,2285
39400360,1914
39403156,2035
39405860,1982
39408464,1933
39411256,1974
39413960,1951
39416560,1939
39419356,2078
39422060,1963
39424756,2209
39427468,1985
39430260,2164
39432956,2152
39435752,1966
39438464,1873
39441164,1868
39443864,1866
39446660,2182
39449356,2136
39452056,1972
39454852,1908
39457464,2208
39460260,1972
39462964,2064
39465752,1970
39468464,2281
39471252,1970
39473864,1963
39476640,2131
39479360,2050
39482060,2147
39484760,1890
39487460,2289
39490256,2246
39492956,2120
39495652,1957
39498352,2263
39501056,1963
39503764,2166
39506464,2257
39509260,2155
39511960,1925
39514752,2127
39517460,2134
39520156,1967
39522864,2213
39525652,2179
39528360,1954
39531060,1841
39533856,2249
39536560,1899
39539252,1986
39541956,1894
39544664,2199
39547364,1995
39550160,2140
39552860,1909
39555652,2105
39558356,1928
39561052,1959
39563756,2182
39566460,1956
39569156,2128
39571860,1993
39574560,2132
39577160,2221
39579956,2141
39582656,2138
39585440,1939
39588164,2076
39590860,1989
39593656,1835
39596356,2168
39599056,1920
39601756,1885
39604460,1890
39607160,1893
39609952,2157
39612656,2014
39615364,2037
39618140,1985
39620852,1947
39623560,1958
39626252,1943
39628956,1910
39631652,1954
39634356,2125
39637056,1987
39639756,2243
39642456,2028
39645164,1928
39647960,1957
39650664,2151
39653360,1974
39656064,1947
39658860,2041
39661556,2144
39664260,2123
39667052,2216
39669852,1974
39672464,2266
39675264,1940
39677964,2144
39680756,2253
39683460,1924
39686160,2003
39688856,2271
39691556,1971
39694264,1924
39696964,1909
39699664,2072
39702440,2204
39705164,1954
39707952,2243
39710660,1982
39713356,1951
39716056,2187
39718764,1817
39721540,1917
39724252,1981
39726960,1930
39729664,2072
39732460,1990
39735156,2213
39737856,1943
39740652,1956
39743360,1863
39746064,1884
39748856,1978
39751552,2205
39754256,1865
39756956,2126
39759664,2094
39762368,1845
39765164,1850
39767860,2153
39770656,2124
39773356,1988
39776056,1999
39778756,1967
39781460,2192
39784156,2186
39786860,1955
39789552,2160
39792256,1952
39794960,2173
39797660,2180
39800360,2137
39803156,2191
39805852,1898
39808556,2032
39811352,2228
39814060,1975
39816756,1976
39819456,2215
39822152,2029
39824856,1915
39827560,2084
39830256,2266
39833052,1880
39835764,2231
39838464,1886
39841168,1909
39843964,1866
39846660,2209
39849364,1964
39852156,1986
39854856,1940
39857556,2196
39860260,2242
39862956,1818
39865656,2197
39868364,2061
39871160,1965
39873856,2122
39876560,2207
39879360,1988
39882064,2047
39884760,1944
39887456,2279
39890156,1975
39892856,2083
39895560,1939
39898260,1962
39900956,2147
39903752,2228
39906460,1951
39909060,2025
39911860,1969
39914564,2181
39917352,2022
39920056,2242
39922852,1927
39925560,2145
39928256,2236
39931052,2053
39933752,1981
39936456,2237
39939252,1935
39941864,2188
39944660,2202
39947360,2000
39950068,1976
39952864,1961
39955640,1804
39958356,1879
39961040,1934
39963752,2203
39966460,1907
39969156,2216
39971952,1912
39974652,2245
39977352,2220
39980152,2063
39982764,2197
39985564,1944
39988264,2030
39991056,2184
39993664,1949
39996456,2123
39999156,1888
40001860,1909
40004564,2172
40007360,1938
40010060,1965
40012756,1889
40015460,1907
40018160,1936
40020856,1863
40023568,1967
40026352,1983
40028964,1945
40031756,1957
40034460,1920
40037156,2166
40039856,2206
40042652,2205
40045264,2008
40047964,2222
40050756,2225
40053456,2134
40056156,2132
40058852,1950
40061556,1959
40064352,1940
40067056,2206
40069760,2109
40072460,2013
40075156,1973
40077952,2209
40080656,1948
40083268,1906
40086040,2135
40088764,1934
40091460,1887
40094164,2183
40096956,2191
40099664,2039
40102440,1910
40105164,2246
40107860,2211
40110652,2218
40113356,2187
40116052,2193
40118756,1883
40121456,1849
40124156,2059
40126860,2041
40129652,2133
40132340,1944
40135064,2175
40137852,2249
40140560,2126
40143264,1911
40146056,1949
40148764,2134
40151464,1968
40154260,1923
40156956,2133
40159740,2211
40162452,2022
40165160,2039
40167860,2050
40170652,2182
40173264,1977
40176060,2152
40178764,1976
40181552,1816
40184256,1912
40187040,1828
40189756,2059
40192460,2209
40195160,1910
40197856,1941
40200556,2080
40203260,2184
40206056,2220
40208760,2145
40211460,2246
40214156,2005
40216860,2001
40219556,2231
40222352,1916
40225056,1847
40227752,2055
40230452,2132
40233156,2199
40235864,1928
40238564,2066
40241360,2135
40243964,1927
40246756,2218
40249460,1822
40252156,1946
40254860,1893
40257560,2146
40260340,2226
40263064,1960
40265840,2099
40268460,1967
40271256,1969
40273960,1991
40276656,1936
40279356,2002
40282064,1928
40284768,1832
40287564,2096
40290260,1922
40293056,1827
40295760,1888
40298460,2108
40301252,1876
40303956,2146
40306656,2134
40309360,2236
40312060,2137
40314760,1935
40317556,1984
40320260,2179
40322952,1983
40325656,1791
40328356,2252
40331064,2142
40333840,2091
40336564,1974
40339260,1957
40342056,1945
40344756,1950
40347456,1983
40350164,2017
40352960,1900
40355656,1858
40358440,2155
40361164,1922
40363860,1946
40366652,1957
40369356,1922
40372052,1916
40374764,1892
40377456,2003
40380164,1903
40382940,1893
40385664,1935
40388364,1965
40391156,2232
40393864,2015
40396560,1970
40399356,2152
40402060,2218
40404756,1942
40407540,2092
40410264,1978
40412960,2166
40415660,2115
40418456,1841
40421152,1949
40423856,2225
40426652,1950
40429264,2236
40432064,2086
40434764,1959
40437556,2016
40440260,1907
40443052,2224
40445764,2107
40448464,1939
40451260,2052
40453956,2186
40456656,1936
40459360,1949
40462056,2228
40464852,2115
40467564,1942
40470264,2022
40472964,2120
40475760,1920
40478456,1841
40481168,2052
40483960,1981
40486660,1956
40489452,1987
40492164,1777
40494860,2189
40497660,1845
40500360,2225
40503060,1973
40505852,1962
40508556,1907
40511256,2204
40514040,1883
40516752,2152
40519460,1941
40522152,2137
40524952,2031
40527564,1945
40530360,2007
40533064,2125
40535852,1973
40538556,1884
40541260,1934
40543956,2139
40546756,1952
40549552,2123
40552252,1981
40554964,1966
40557740,2258
40560364,1871
40563160,2229
40565868,2042
40568560,1996
40571356,1926
40574060,2134
40576756,2115
40579552,1941
40582264,1964
40584964,2024
40587760,2067
40590452,1998
40593064,1851
40595860,2230
40598564,2168
40601352,1874
40604056,1880
40606852,1898
40609552,1940
40612252,2129
40615040,2187
40617656,1914
40620360,2079
40623064,1914
40625864,2135
40628556,2205
40631252,2210
40633960,1879
40636660,1932
40639360,1955
40642152,2182
40644856,2269
40647564,1845
40650264,2152
40653060,2230
40655756,2229
40658552,1849
40661252,1857
40663868,1845
40666664,1856
40669368,1944
40672156,1986
40674764,2126
40677560,2148
40680164,2130
40682960,1980
40685560,2079
40688356,2083
40690964,2178
40693756,2132
40696460,1980
40699160,1978
40701868,2213
40704652,2175
40707356,1920
40710064,2231
40712852,1966
40715552,1851
40718260,2151
40720952,2207
40723656,2129
40726352,1926
40729056,2269
40731852,2188
40734560,1984
40737264,1951
40740060,1990
40742760,2239
40745552,2126
40748256,1865
40750956,1933
40753660,1899
40756456,1926
40759164,1953
40761864,2156
40764652,2152
40767360,1952
40770064,1925
40772856,2211
40775556,1974
40778352,2156
40781056,1951
40783764,1968
40786464,1894
40789252,1907
40791864,2038
40794664,1891
40797456,2166
40800160,2013
40802864,1942
40805652,1888
40808360,2138
40811064,1873
40813860,2198
40816560,2086
40819352,2096
40822056,1912
40824764,2154
40827560,2187
40830264,1934
40832960,2275
40835756,2143
40838440,1937
40841156,1937
40843860,2236
40846564,2289
40849352,2206
40852052,1875
40854756,2219
40857456,1974
40860252,1873
40862952,2107
40865660,1958
40868364,1960
40871160,2063
40873856,2063
40876652,1860
40879356,1876
40882056,2207
40884768,1958
40887552,2120
40890260,2272
40892964,1959
40895760,2030
40898460,2269
40901256,2236
40903960,1945
40906660,1919
40909456,1957
40912160,1939
40914856,1994
40917652,2208
40920360,1978
40923064,2162
40925860,1952
40928556,2019
40931264,2091
40934060,2239
40936752,1909
40939452,2013
40942156,1966
40944840,2136
40947464,1985
40950264,2010
40952956,1933
40955656,1947
40958364,2180
40961160,2048
40963856,1992
40966564,1935
40969264,1915
40971968,2181
40974760,2227
40977460,1901
40980164,2025
40982956,1953
40985752,2223
40988364,2151
40991056,2242
40993756,1974
40996460,2124
40999160,1947
41001856,2187
41004556,1986
41007264,2120
41009960,2120
41012664,1880
41015456,1902
41018164,1875
41020852,1943
41023464,2258
41026164,1898
41028960,2009
41031652,2150
41034356,1954
41037152,1947
41039856,1860
41042560,2084
41045256,1996
41047964,1898
41050664,2007
41053456,2256
41056164,1879
41058852,1973
41061568,1919
41064252,2066
41066956,1959
41069668,2233
41072364,1928
41075160,2249
41077864,2251
41080556,1908
41083260,1814
41085960,1933
41088664,1928
41091460,1935
41094256,1971
41096868,2135
41099660,1956
41102364,1906
41105152,2149
41107852,1989
41110464,1999
41113260,2218
41115956,2141
41118664,2184
41121364,1995
41124160,1913
41126852,1993
41129556,2263
41132256,2119
41134964,1962
41137664,1979
41140460,1961
41143152,2126
41145856,2000
41148556,1925
41151252,2155
41153956,2076
41156656,1957
41159364,1971
41162056,2037
41164760,1977
41167556,2202
41170260,1979
41172964,1953
41175760,2124
41178460,1964
41181156,2140
41183860,2138
41186656,2015
41189360,2069
41192064,1960
41194852,2145
41197464,2142
41200260,1902
41202964,2237
41205752,1870
41208456,2097
41211160,2147
41213856,2151
41216560,2239
41219356,2158
41222060,2133
41224764,1912
41227552,1902
41230260,2065
41232964,1862
41235660,2236
41238364,2245
41241164,1990
41243856,2039
41246540,2142
41249264,2142
41252040,2080
41254756,2088
41257456,2149
41260160,1972
41262856,1844
41265556,1960
41268352,1924
41270968,1849
41273760,1947
41276464,1976
41279252,1927
41281956,2128
41284740,2085
41287352,1941
41290056,2174
41292760,1927
41295556,2214
41298256,2101
41300960,1986
41303752,2185
41306456,1899
41309160,1963
41311956,1883
41314660,1882
41317352,2041
41320056,1925
41322756,1888
41325460,1980
41328152,1997
41330868,2222
41333552,1952
41336256,1953
41339052,2144
41341756,1900
41344464,2234
41347256,1978
41349940,2131
41352652,1983
41355364,1982
41358064,1940
41360764,2143
41363560,2127
41366256,1919
41368960,2273
41371660,1940
41374356,2058
41377056,2185
41379764,2139
41382468,1970
41385164,1978
41387952,2060
41390656,1992
41393452,1929
41396160,2210
41398860,1849
41401568,1892
41404356,1940
41407056,2136
41409760,1846
41412456,2215
41415252,1972
41417952,1909
41420564,1985
41423352,2159
41426064,2191
41428764,2182
41431464,1872
41434260,2057
41436860,1946
41439656,2148
41442360,2122
41444964,1909
41447756,2117
41450464,2094
41453168,2187
41455952,2189
41458660,2244
41461360,1993
41464140,2015
41466856,1865
41469560,2154
41472260,2250
41474956,1946
41477664,1971
41480460,1960
41483156,2015
41485856,1990
41488652,2005
41491360,1985
41494060,1939
41496856,1955
41499564,2023
41502264,1964
41505060,1883
41507756,2053
41510460,2200
41513160,1936
41515864,1981
41518652,1986
41521352,2154
41524060,1955
41526752,1915
41529456,1946
41532152,1922
41534856,2185
41537556,2150
41540264,1877
41542956,1853
41545664,2128
41548460,2189
41551164,2029
41553860,2030
41556656,1803
41559340,1914
41562060,2096
41564760,1910
41567556,2223
41570256,1993
41573040,2200
41575752,2271
41578460,1984
41581152,2202
41583856,1958
41586552,1919
41589256,2134
41591960,1984
41594656,1979
41597452,2117
41600156,2231
41602852,2222
41605564,1928
41608264,1956
41611052,2161
41613756,1994
41616456,1957
41619164,1871
41621856,2124
41624468,1944
41627260,2162
41629964,1984
41632668,1964
41635460,2150
41638164,2209
41640952,2196
41643656,2221
41646360,2198
41649052,1974
41651660,2161
41654452,2081
41657160,1941
41659860,2195
41662656,1964
41665364,2260
41668064,2040
41670856,2104
41673564,2084
41676268,1971
41679060,2014
41681760,2241
41684552,2155
41687252,1800
41689864,1988
41692660,2210
41695360,2168
41698056,2217
41700852,1996
41703564,1987
41706260,1908
41709056,1984
41711756,1794
41714456,2135
41717160,1977
41719860,2136
41722560,2143
41725260,1882
41727964,2246
41730764,2221
41733456,1968
41736160,2154
41738864,2165
41741652,1989
41744360,1943
41747060,2085
41749856,2109
41752564,1987
41755264,1917
41758064,2034
41760664,2141
41763460,1994
41766164,1898
41768956,2110
41771660,1948
41774360,1920
41777140,2132
41779864,1975
41782556,2150
41785240,1952
41787964,2205
41790752,1922
41793456,1894
41796064,2090
41798856,2133
41801564,1987
41804264,2125
41807060,2023
41809756,2185
41812468,2197
41815252,2125
41817864,1953
41820660,1870
41823360,2258
41826056,2269
41828852,2041
41831564,1932
41834260,1961
41836964,1958
41839564,1900
41842364,1874
41845056,2046
41847760,2268
41850556,1895
41853260,2169
41855956,2174
41858564,2202
41861360,2247
41864056,2242
41866756,1960
41869552,2221
41872260,1891
41874952,2049
41877664,1850
41880364,1982
41883160,2149
41885864,1951
41888560,2150
41891352,2130
41894068,2011
41896752,1958
41899456,2186
41902160,2048
41904856,1898
41907556,1848
41910264,1885
41912964,1823
41915760,2188
41918460,1932
41921256,2157
41923956,1933
41926656,1952
41929356,1976
41932060,2012
41934756,2211
41937552,2096
41940256,1971
41942964,2274
41945752,2149
41948452,2035
41951156,1946
41953860,2071
41956560,1928
41959252,1978
41961956,2203
41964656,1958
41967352,1863
41970064,2218
41972768,1977
41975556,1871
41978256,1939
41981052,1982
41983664,2136
41986460,2071
41989160,2220
41991856,2011
41994556,2213
41997168,2107
41999960,1969
42002652,2157
42005356,2024
42008056,1965
42010768,2280
42013552,1817
42016256,2111
42018964,2083
42021660,1873
42024364,2150
42027156,1919
42029864,1881
42032564,1944
42035356,1918
42038064,2063
42040764,1965
42043556,1966
42046264,2097
42048956,1933
42051664,1952
42054360,2130
42057156,1951
42059868,1958
42062564,1970
42065252,2170
42067960,1978
42070664,1967
42073456,1936
42076152,2140
42078856,1964
42081556,1933
42084252,2028
42086964,1963
42089668,1916
42092452,1890
42095152,1958
42097856,1978
42100560,1968
42103252,2120
42105968,1990
42108664,2032
42111456,2079
42114160,1971
42116856,1957
42119564,2010
42122356,2029
42125064,2179
42127756,2024
42130468,1959
42133164,2138
42135956,2126
42138660,2271
42141356,1881
42144056,1914
42146760,1884
42149460,2221
42152164,1936
42154856,1928
42157652,2137
42160352,2046
42163060,2028
42165764,2186
42168556,2236
42171264,1955
42173956,2183
42176656,2258
42179352,1975
42182052,1946
42184768,2121
42187452,2236
42190156,1959
42192860,2235
42195652,2045
42198352,1986
42201060,1939
42203764,2121
42206552,1956
42209256,1937
42211960,1912
42214660,1960
42217356,2173
42220152,1982
42222852,2026
42225560,2213
42228264,1978
42230968,2195
42233660,2178
42236456,2155
42239160,1969
42241856,2142
42244568,1953
42247360,1968
42250064,2213
42252764,1940
42255560,1913
42258256,1858
42260964,1941
42263756,2235
42266464,2159
42269164,2239
42271960,1945
42274656,2160
42277356,1999
42280152,1990
42282856,1884
42285556,2182
42288256,2130
42290952,1940
42293652,2074
42296264,1848
42299060,1963
42301760,2031
42304456,2263
42307156,1972
42309952,2058
42312660,1949
42315360,1942
42318060,2044
42320756,1989
42323464,2144
42326260,2191
42328956,1955
42331668,1936
42334440,1964
42337156,1905
42339856,1965
42342652,2145
42345356,2117
42348060,2033
42350852,1935
42353560,2087
42356264,2142
42359052,1915
42361760,1928
42364460,2208
42367252,1881
42369940,2145
42372664,1989
42375368,1882
42378156,1881
42380856,2212
42383556,2224
42386264,1925
42388964,2197
42391760,2239
42394460,1948
42397252,2106
42399952,2209
42402660,2103
42405364,1966
42408156,1952
42410860,2260
42413552,1845
42416256,1937
42418964,1944
42421664,2216
42424456,1959
42427164,2206
42429864,2204
42432660,2098
42435352,2075
42438056,2150
42440768,2240
42443464,1952
42446256,2263
42448960,1901
42451664,1956
42454356,2167
42457064,2190
42459856,2153
42462560,2241
42465264,2218
42468040,2260
42470752,2255
42473456,1940
42476160,2084
42478860,1864
42481556,1908
42484352,2261
42487056,2079
42489760,2012
42492464,2161
42495252,2155
42497960,1890
42500664,1882
42503368,2246
42506152,2139
42508760,2207
42511556,1976
42514264,2079
42516964,1982
42519756,2109
42522452,1932
42525156,2080
42527856,2128
42530564,1790
42533264,1958
42536060,2021
42538756,1994
42541456,1978
42544252,1833
42546960,1973
42549664,1959
42552460,2235
42555156,2267
42557860,2199
42560560,1941
42563256,1946
42565956,1923
42568660,2046
42571456,1955
42574156,2023
42576864,2014
42579656,1958
42582268,2132
42585056,1923
42587756,1814
42590460,1986
42593064,1937
42595860,1954
42598564,1958
42601256,2144
42603956,1944
42606668,1968
42609360,1995
42612052,2151
42614756,2128
42617456,1904
42620256,2177
42622864,1843
42625660,2051
42628340,1947
42631052,1859
42633756,2167
42636456,2159
42639152,1975
42641856,2201
42644564,1868
42647352,2096
42650052,1936
42652760,1946
42655456,1961
42658156,2051
42660864,2228
42663556,1950
42666256,2134
42668952,1956
42671664,1993
42674440,1949
42677156,2188
42679856,1980
42682560,1942
42685252,1920
42687956,1805
42690656,2233
42693364,1852
42696064,2235
42698860,2122
42701556,1930
42704264,2009
42707056,2157
42709764,2091
42712464,1986
42715260,1945
42717956,1967
42720740,2223
42723464,2263
42726160,2060
42728952,2228
42731664,2179
42734364,1855
42737156,2149
42739860,1942
42742556,1989
42745264,1897
42747968,1947
42750756,2208
42753460,1960
42756252,2087
42758864,2113
42761568,1979
42764260,2001
42767056,2192
42769756,2083
42772460,1969
42775160,1967
42777956,2028
42780660,1976
42783352,1986
42786056,2256
42788752,1954
42791452,1942
42794152,1881
42796840,1955
42799564,1941
42802264,1998
42804960,1957
42807660,1975
42810352,1962
42813056,2142
42815756,2252
42818464,2010
42821164,1927
42823960,1897
42826656,2260
42829356,1925
42832056,2026
42834764,1966
42837464,1877
42840260,1919
42842956,2173
42845752,1952
42848452,2223
42851160,2153
42853852,1903
42856556,1817
42859252,1873
42861956,1943
42864668,2146
42867452,2185
42870156,1936
42872868,1951
42875560,2296
42878356,2140
42881060,2223
42883756,1942
42886456,2135
42889160,1977
42891952,1945
42894656,1953
42897360,2202
42900064,2026
42902852,2066
42905560,1871
42908252,2233
42910956,2130
42913664,2109
42916352,1970
42919056,2131
42921760,1931
42924456,1885
42927252,1916
42929852,1970
42932556,2224
42935260,1912
42938052,1908
42940756,1943
42943460,1963
42946164,2272
42948956,1968
42951664,2219
42954440,1897
42957164,1964
42959860,1925
42962652,1971
42965356,1970
42968060,1878
42970752,1981
42973456,2135
42976164,2128
42978864,1916
42981660,1974
42984356,1989
42987152,1999
42989856,2256
42992564,1978
42995264,1892
42997968,2033
43000756,2057
43003460,1877
43006160,2199
43008860,2075
43011560,2205
43014356,2200
43017040,2195
43019752,2129
43022464,2206
43025064,1966
43027860,2286
43030560,2163
43033264,1905
43036060,2081
43038764,1948
43041540,2270
43044264,1955
43046964,2173
43049752,1958
43052464,2045
43055168,1814
43057956,1877
43060656,2129
43063452,1987
43066156,2131
43068860,1889
43071560,2132
43074256,1861
43076956,2185
43079664,2178
43082368,2176
43085160,1930
43087856,1872
43090652,2064
43093364,2068
43096060,1967
43098852,1991
43101556,2128
43104352,2221
43106956,1986
43109660,1937
43112356,2272
43115064,2295
43117840,2182
43120556,1943
43123260,1958
43125960,2022
43128656,1966
43131452,1934
43134164,1978
43136860,2167
43139656,1924
43142356,1988
43145064,2127
43147768,1936
43150540,2084
43153256,2189
43155960,1986
43158756,2144
43161464,1921
43164164,2222
43166960,2101
43169656,1947
43172452,2266
43175152,2020
43177860,1962
43180564,2043
43183352,2165
43185968,2051
43188752,2227
43191464,1907
43194152,1946
43196856,2167
43199652,1987
43202360,2255
43205056,1904
43207852,1908
43210456,1972
43213156,1955
43215860,2111
43218656,1898
43221356,1941
43224152,2122
43226764,1949
43229464,1880
43232252,2175
43234860,2178
43237656,1996
43240364,2201
43243056,1832
43245756,1974
43248456,2256
43251156,1949
43253860,1934
43256556,2202
43259264,1881
43262060,2010
43264756,2248
43267464,1943
43270256,1954
43272868,2166
43275652,2052
43278260,1949
43281056,1837
43283756,1976
43286440,2027
43289160,2062
43291868,1901
43294560,2239
43297356,1901
43300056,1858
43302752,2220
43305464,2135
43308252,2213
43310956,2003
43313660,1939
43316360,1973
43319056,1858
43321764,2167
43324560,1947
43327256,2151
43329960,2196
43332752,1877
43335460,1896
43338152,2134
43340940,1952
43343564,2164
43346256,2297
43348864,1946
43351568,2218
43354352,1971
43357060,1813
43359668,1865
43362452,1903
43365160,2134
43367860,2208
43370656,2137
43373360,2122
43376064,2135
43378860,2210
43381556,1978
43384256,2205
43387052,1941
43389668,2133
43392452,2128
43395164,2165
43397864,1985
43400656,1926
43403360,2144
43406056,2172
43408852,1958
43411564,1987
43414260,2154
43416956,1977
43419752,2009
43422364,2159
43425068,1965
43427860,2219
43430556,2128
43433256,2193
43435960,1863
43438652,2144
43441356,1941
43444064,2100
43446756,2147
43449456,1911
43452164,2167
43454868,2174
43457664,1983
43460356,1915
43463060,2208
43465856,1946
43468560,1983
43471264,1843
43474060,2210
43476756,1945
43479456,1973
43482160,2146
43484852,2129
43487556,1945
43490260,1947
43492964,1934
43495752,2244
43498460,2121
43501152,2049
43503856,2005
43506564,1968
43509264,2141
43512052,2138
43514760,2229
43517464,2266
43520252,2187
43522956,1781
43525656,1944
43528368,1986
43531060,1953
43533856,1873
43536556,2187
43539252,1866
43541952,2092
43544664,2209
43547360,2114
43550064,1915
43552760,1926
43555556,2218
43558256,2201
43560952,2068
43563656,2104
43566356,2004
43569064,1998
43571764,1923
43574560,2130
43577256,2174
43579956,1882
43582660,2101
43585356,1930
43588068,1900
43590860,2061
43593556,2177
43596352,1917
43599056,1938
43601760,1867
43604464,2149
43607260,2250
43609964,2131
43612664,1814
43615460,2244
43618156,2199
43620868,1898
43623652,2173
43626356,1928
43629056,1959
43631760,2103
43634456,1972
43637156,1956
43639952,1833
43642660,2225
43645364,1970
43648156,1977
43650860,2109
43653564,2132
43656268,1989
43659056,1978
43661756,1919
43664552,2041
43667164,1935
43669960,2147
43672664,1931
43675452,2262
43678164,1967
43680868,2107
43683564,1953
43686264,1966
43689056,2005
43691760,1964
43694464,1989
43697168,2138
43699956,1949
43702656,2191
43705452,2137
43708064,1913
43710864,1939
43713564,1971
43716352,2214
43719056,2186
43721852,1891
43724556,1996
43727264,1942
43730056,2193
43732752,1961
43735456,1918
43738252,2180
43740864,2035
43743660,2021
43746364,1922
43749152,1918
43751856,1887
43754652,1944
43757264,1888
43759964,2155
43762760,2144
43765460,1876
43768160,1951
43770864,1855
43773660,2156
43776356,1971
43779060,1895
43781852,2145
43784556,1977
43787260,1896
43790056,2031
43792756,2149
43795452,1981
43798156,2221
43800860,1972
43803556,1890
43806268,1862
43809052,2123
43811760,2148
43814464,2158
43817164,1857
43819952,1967
43822656,1878
43825360,1928
43828056,1952
43830756,2178
43833552,2137
43836260,1890
43838964,1982
43841756,2204
43844452,1926
43847156,1964
43849868,1960
43852564,1938
43855264,1936
43858060,2019
43860752,1977
43863456,1939
43866252,1937
43868864,2065
43871656,2136
43874360,1983
43877056,2130
43879760,2132
43882456,2130
43885156,2133
43887956,2134
43890664,2263
43893368,2061
43896164,1925
43898860,1881
43901656,1876
43904360,1958
43907056,2266
43909852,1897
43912552,2153
43915260,2173
43917956,2148
43920660,1991
43923352,1960
43926056,1950
43928852,2137
43931540,2193
43934252,2061
43936964,2240
43939660,2064
43942364,2107
43945160,1978
43947856,2128
43950640,2047
43953352,2103
43956060,1953
43958740,1829
43961464,1947
43964160,2100
43966956,2135
43969660,2142
43972356,2035
43975152,1949
43977868,1972
43980552,2039
43983164,2127
43985956,1930
43988652,2237
43991356,2188
43994052,2039
43996756,1793
43999460,1986
44002160,2171
44004952,2012
44007652,1841
44010360,2182
44013056,1981
44015756,2135
44018456,2033
44021156,1840
44023952,1884
44026652,1906
44029356,1940
44032152,1947
44034764,2122
44037556,1953
44040352,1970
44042964,2253
44045760,2025
44048460,2224
44051156,2137
44053856,2144
44056552,2146
44059252,1902
44061956,1912
44064664,2118
44067364,2211
44070160,1933
44072856,1980
44075560,1953
44078260,1887
44080956,1927
44083656,1944
44086440,2261
44089060,1962
44091760,1947
44094552,1872
44097260,1896
44099952,2159
44102568,2128
44105364,2140
44108056,1914
44110764,1912
44113468,2149
44116252,2178
44118960,2055
44121652,1967
44124352,1989
44127060,2073
44129756,2239
44132460,2193
44135156,1891
44137860,2181
44140560,2247
44143256,2089
44145960,2154
44148664,2243
44151440,1859
44154164,1919
44156864,2189
44159660,2205
44162356,1931
44165060,1955
44167852,1957
44170556,1926
44173260,1986
44175964,2179
44178656,2167
44181352,2106
44184056,1964
44186840,2224
44189460,2135
44192256,1986
44194960,2181
44197656,2246
44200452,2253
44203164,1912
44205864,2010
44208564,1947
44211360,2110
44214056,2207
44216840,2193
44219564,1886
44222260,2276
44224964,2146
44227760,1924
44230456,1986
44233240,1973
44235964,1975
44238652,1943
44241356,2239
44244140,2090
44246764,2160
44249456,2047
44252168,1974
44254952,2030
44257656,1915
44260440,2250
44263052,2191
44265756,1894
44268464,1940
44271164,2070
44273864,2042
44276652,2278
44279356,2139
44282152,2126
44284860,1928
44287564,1890
44290264,2150
44293052,2189
44295756,1916
44298456,2134
44301164,1942
44303864,2149
44306660,1897
44309356,2191
44312152,1956
44314856,2198
44317564,2018
44320264,1949
44323060,2215
44325756,1896
44328456,2151
44331256,2006
44333868,2026
44336664,1912
44339440,2233
44342060,1975
44344856,2004
44347556,1951
44350252,1953
44352956,1930
44355752,1967
44358460,2223
44361160,1947
44363864,1875
44366652,2236
44369356,1994
44372056,2126
44374764,1885
44377552,1903
44380268,2097
44382964,2012
44385760,1920
44388464,2145
44391160,1953
44393860,2173
44396656,2050
44399364,1952
44402152,2015
44404852,2193
44407464,2101
44410260,1810
44412960,2132
44415668,1974
44418464,2164
44421168,2227
44423860,2198
44426560,1943
44429264,2185
44432064,2230
44434752,2035
44437464,2119
44440164,1955
44442960,1917
44445656,2132
44448452,2255
44451152,1989
44453860,2253
44456564,2022
44459360,2122
44461960,1953
44464664,2150
44467456,1957
44470164,1948
44472940,1952
44475652,2010
44478360,1976
44481064,1999
44483860,2175
44486556,1893
44489352,1908
44492052,2155
44494760,2012
44497452,2138
44500156,1981
44502856,1941
44505556,1942
44508260,2080
44510956,2105
44513752,1971
44516456,1914
44519156,1909
44521860,1968
44524560,1966
44527256,2169
44529960,1923
44532664,1894
44535460,2182
44538152,2203
44540864,2162
44543564,2309
44546352,1899
44549060,2261
44551764,1945
44554560,1966
44557256,2177
44559960,2141
44562752,1997
44565464,2263
44568152,2044
44570856,1948
44573564,2236
44576256,2169
44578964,1934
44581752,2134
44584456,2210
44587156,1982
44589856,2134
44592556,2180
44595260,2136
44597956,1840
44600656,2216
44603360,1906
44606156,2240
44608860,2238
44611564,2017
44614264,2056
44617060,1939
44619756,2076
44622460,1924
44625252,1871
44627960,1974
44630664,1970
44633440,2185
44636160,1987
44638860,2124
44641564,1887
44644360,2189
44647056,1906
44649756,2135
44652440,2031
44655164,2142
44657952,2214
44660660,2182
44663364,1918
44666064,2121
44668840,2184
44671564,1911
44674256,2170
44676964,2269
44679668,1946
44682452,2199
44685156,1961
44687860,1838
44690560,2189
44693260,2262
44696052,1969
44698764,1905
44701464,2131
44704164,1838
44706960,2073
44709656,1890
44712360,1939
44715156,2136
44717852,2238
44720556,1996
44723352,2196
44726060,2146
44728752,1914
44731540,1865
44734156,2121
44736860,1853
44739564,1922
44742268,1873
44745064,2163
44747760,2008
44750560,1929
44753168,2095
44755956,1963
44758660,1883
44761452,2128
44764152,1952
44766856,2137
44769560,1848
44772256,2186
44775040,1969
44777752,1917
44780460,1888
44783152,2198
44785860,2244
44788556,1996
44791352,1922
44794056,2201
44796764,2139
44799552,1941
44802256,2046
44804960,2245
44807664,1903
44810452,1960
44813156,2182
44815856,1935
44818652,2125
44821356,1969
44824060,1821
44826760,2193
44829456,1952
44832160,2237
44834952,2145
44837564,2060
44840360,1956
44842960,1961
44845756,2182
44848460,1895
44851152,2224
44853860,2147
44856560,2056
44859256,1808
44861964,2159
44864760,2160
44867456,1938
44870156,1890
44872952,2153
44875660,1878
44878364,1872
44881152,1964
44883860,1881
44886560,1806
44889352,2232
44892064,2008
44894764,2112
44897556,2176
44900264,1973
44902964,1950
44905760,2146
44908452,1975
44911060,2194
44913856,2003
44916552,1902
44919252,2193
44921956,1903
44924664,2139
44927440,2261
44930152,2145
44932860,1944
44935564,2043
44938356,1964
44941064,1951
44943764,1944
44946560,1943
44949256,1928
44951956,1885
44954660,1885
44957356,2186
44960056,2186
44962760,2267
44965464,2190
44968252,2141
44970960,2017
44973664,1963
44976364,1940
44979140,1910
44981852,1921
44984556,1962
44987240,2221
44989952,2190
44992668,1805
44995364,1982
44998156,2206
45000860,1976
45003564,1941
45006364,1983
45009064,2265
45011764,2181
45014464,2244
45017260,1915
45019960,2010
45022756,2198
45025460,2223
45028156,1887
45030952,2164
45033664,1940
45036364,2226
45039068,1977
45041864,2004
45044560,1982
45047356,1896
45050060,1976
45052756,1964
45055552,1930
45058260,1938
45060952,2107
45063656,1857
45066356,2240
45069064,2212
45071764,2199
45074468,2063
45077256,2228
45079956,1927
45082752,2131
45085360,1951
45088060,1968
45090764,2166
45093468,1857
45096264,1898
45098960,1952
45101752,2154
45104456,1942
45107160,1982
45109852,2039
45112556,1884
45115252,1916
45117964,1873
45120752,1966
45123456,2162
45126160,1975
45128860,2279
45131556,2164
45134352,1953
45137052,1962
45139760,1936
45142460,2198
45145160,1899
45147856,2271
45150556,2193
45153252,1933
45155956,2266
45158660,2245
45161352,2000
45164056,2015
45166840,1965
45169556,2289
45172164,1976
45174956,2121
45177652,1979
45180356,2203
45183140,2078
45185860,1980
45188560,2214
45191356,1965
45194060,2075
45196764,1822
45199560,2118
45202164,1904
45204864,1978
45207660,2274
45210356,2228
45213068,1958
45215860,1965
45218560,1974
45221352,1958
45224064,1943
45226760,1887
45229556,2080
45232256,2105
45234964,2287
45237668,1984
45240440,1903
45243060,2141
45245856,2144
45248652,1929
45251252,2206
45253956,2144
45256660,2074
45259456,2193
45262160,2235
45264856,2253
45267556,2011
45270256,1898
45272956,2139
45275660,2143
45278360,1971
45281060,1925
45283852,1966
45286564,2054
45289260,2175
45291960,2032
45294756,1939
45297464,2159
45300164,2299
45302960,1913
45305656,1988
45308364,1927
45311068,2118
45313760,2115
45316556,2010
45319352,2155
45321964,1879
45324740,1897
45327464,2051
45330160,1899
45332956,1993
45335656,1969
45338356,2208
45341060,2160
45343760,1947
45346456,2001
45349156,2244
45351864,2268
45354564,1892
45357360,1873
45360060,1944
45362852,1955
45365556,2305
45368260,2031
45370964,1801
45373664,2228
45376452,2173
45379164,2078
45381952,1955
45384660,2070
45387356,1942
45390056,2207
45392764,1887
45395468,1931
45398252,2068
45400960,1922
45403660,2112
45406456,1942
45409164,1990
45411940,1897
45414652,1989
45417360,2248
45420052,2072
45422756,1953
45425464,2204
45428240,1865
45430964,2107
45433660,1951
45436456,1897
45439160,1934
45441952,2182
45444652,2095
45447368,1854
45450052,2030
45452756,1902
45455460,2111
45458156,2246
45460940,2219
45463664,2201
45466364,2131
45469064,2173
45471856,2130
45474564,1984
45477268,1968
45480060,1965
45482756,2074
45485552,1938
45488264,2225
45490964,2142
45493664,1969
45496460,1865
45499156,1927
45501952,1926
45504668,2218
45507364,2172
45510160,2245
45512864,1985
45515652,2129
45518260,1943
45521056,2245
45523760,1960
45526464,1953
45529260,2184
45531956,1976
45534752,1848
45537456,1862
45540156,2190
45542860,2094
45545560,1926
45548340,2118
45551064,2144
45553852,1897
45556560,2174
45559264,2121
45562060,2279
45564756,2225
45567460,1868
45570256,2221
45572964,2158
45575664,2130
45578452,2128
45581156,1989
45583860,1987
45586560,2255
45589268,1971
45592064,1904
45594768,1895
45597460,1954
45600256,1913
45602960,1941
45605656,2024
45608356,2141
45611152,1976
45613860,2210
45616564,1893
45619360,1991
45622052,2119
45624756,2128
45627552,2190
45630164,1906
45632960,1987
45635664,1989
45638452,2166
45641152,2181
45643868,2204
45646564,2233
45649256,2136
45651964,1953
45654668,2255
45657464,1967
45660252,1883
45662852,1983
45665556,2149
45668256,1933
45670968,1974
45673752,2317
45676460,1940
45679160,1916
45681864,1945
45684652,2191
45687352,1986
45690056,1935
45692764,2213
45695552,2158
45698256,2123
45700952,1889
45703656,1994
45706360,1901
45709056,2059
45711852,1947
45714564,1893
45717264,1981
45719964,2198
45722668,2178
45725456,1940
45728156,1977
45730860,1949
45733556,1848
45736260,1970
45738964,1969
45741752,2233
45744456,1945
45747160,1936
45749864,2189
45752652,1955
45755360,1951
45758064,1994
45760764,2163
45763552,2043
45766256,1996
45769052,1976
45771760,1967
45774464,2124
45777260,2183
45779956,2085
45782740,1942
45785464,2213
45788252,1875
45790864,2173
45793652,2157
45796364,2154
45799064,1848
45801756,2003
45804464,1989
45807168,1979
45809952,1964
45812660,1997
45815364,1817
45818060,1994
45820768,2232
45823552,2193
45826260,1919
45828956,2102
45831752,2168
45834456,1964
45837152,1954
45839856,2100
45842560,2227
45845256,1968
45848040,1971
45850764,1983
45853464,1894
45856164,1969
45858960,2126
45861660,1974
45864360,2245
45867156,2105
45869856,2229
45872560,2179
45875264,1928
45878052,2200
45880752,2242
45883464,2188
45886064,2172
45888860,2168
45891556,1893
45894164,1985
45896956,2142
45899664,1977
45902364,1987
45905160,1956
45907856,2171
45910568,2205
45913352,2118
45916060,2195
45918752,2028
45921456,1852
45924164,2215
45926864,2139
45929660,1913
45932352,2061
45935056,2292
45937852,2213
45940560,1889
45943264,1850
45945956,1936
45948652,2170
45951356,1929
45954060,1922
45956756,1878
45959460,2306
45962156,2254
45964940,1896
45967652,1994
45970360,2203
45973064,1946
45975856,1944
45978564,1982
45981268,2131
45984064,2166
45986756,2064
45989552,1993
45992256,2136
45994960,2073
45997760,2131
46000464,2043
46003160,1979
46005956,1846
46008656,2138
46011364,2199
46014160,2218
46016864,2121
46019560,2125
46022352,2079
46025056,2191
46027764,1877
46030560,1942
46033252,1881
46035960,1982
46038664,1971
46041452,2235
46044164,2211
46046860,2087
46049656,1912
46052452,1955
46055152,2068
46057852,2237
46060652,1936
46063264,2223
46066064,2135
46068764,2243
46071556,1968
46074260,1946
46077052,1895
46079764,1994
46082552,1967
46085264,2124
46087864,1939
46090656,2076
46093368,2208
46096052,2079
46098740,1934
46101456,1815
46104156,1875
46106952,2271
46109660,2105
46112360,1904
46115156,1955
46117852,1953
46120552,2222
46123256,2129
46125960,2137
46128656,1900
46131356,1954
46134060,1983
46136752,2232
46139468,2150
46142152,2146
46144856,1947
46147560,1913
46150352,2148
46153056,1956
46155760,2188
46158456,1940
46161156,1944
46163864,1959
46166564,1958
46169360,1933
46172056,1966
46174756,2142
46177460,1921
46180156,2227
46182868,1882
46185660,1956
46188356,2175
46191152,2236
46193868,2188
46196564,2003
46199268,2243
46202064,1955
46204760,2265
46207464,1923
46210256,1953
46212964,2139
46215664,1953
46218460,1885
46221060,2153
46223856,1912
46226560,1970
46229252,1901
46231956,1966
46234752,2178
46237364,1888
46240160,1877
46242860,2066
46245556,2254
46248256,2158
46250960,2200
46253756,1990
46256460,2081
46259156,1873
46261952,2193
46264656,1887
46267360,1844
46270152,2170
46272856,1930
46275560,1866
46278256,1945
46280956,2232
46283652,1897
46286264,1994
46289056,2132
46291764,1958
46294452,1953
46297064,1898
46299860,2230
46302556,2160
46305252,2216
46307952,1964
46310656,1920
46313364,2179
46316064,1948
46318860,2213
46321556,2197
46324352,1855
46327056,2193
46329764,1977
46332464,1956
46335260,1909
46337956,1775
46340752,2007
46343452,1989
46346160,2229
46348864,1883
46351652,2031
46354264,1971
46357060,2076
46359764,1956
46362552,2152
46365256,1832
46368056,1953
46370668,2234
46373452,1857
46376152,1907
46378840,1960
46381564,1899
46384352,1956
46387060,2146
46389752,1886
46392456,2174
46395152,1957
46397764,2227
46400556,1929
46403252,2031
46405964,2188
46408660,1938
46411452,1910
46414156,2190
46416860,1909
46419552,1948
46422256,1946
46424960,2142
46427656,2147
46430356,2016
46433064,2200
46435840,2139
46438564,1997
46441164,1830
46443960,1944
46446660,1897
46449264,2114
46451964,2213
46454752,2229
46457464,1972
46460252,2135
46462960,1947
46465664,1963
46468456,2115
46471164,2113
46473868,2126
46476664,1958
46479368,1964
46482156,1945
46484856,1937
46487652,2128
46490264,1889
46492968,2039
46495760,2124
46498456,1984
46501156,1974
46503864,1988
46506568,2189
46509364,2022
46512060,1972
46514852,1929
46517556,1932
46520264,2248
46522964,1814
46525760,1998
46528460,1864
46531252,2099
46533952,2227
46536660,2163
46539352,2174
46542056,2214
46544764,2226
46547468,2120
46550252,2025
46552864,1844
46555564,1966
46558360,2248
46561056,1992
46563852,1991
46566564,1919
46569260,1965
46571952,2182
46574740,1947
46577352,1996
46580056,2229
46582764,1945
46585560,2233
46588252,2188
46590868,2139
46593664,1907
46596452,1984
46599160,1899
46601860,1928
46604656,1989
46607452,2128
46610064,2061
46612768,1908
46615560,1973
46618260,2000
46620960,1997
46623656,2009
46626356,2162
46629060,2142
46631756,2088
46634552,1985
46637256,2168
46639964,1940
46642668,2226
46645464,2149
46648064,2157
46650852,1864
46653552,1979
46656260,2074
46658952,2114
46661664,2028
46664364,1881
46667064,2244
46669856,1943
46672552,2145
46675256,2009
46677964,2146
46680664,1959
46683460,1950
46686064,1942
46688864,2210
46691652,2057
46694264,1890
46697064,2280
46699852,2022
46702556,2190
46705260,1967
46707964,1911
46710752,1997
46713456,2232
46716160,1931
46718856,1914
46721652,1904
46724352,2148
46727060,1904
46729760,1928
46732552,2229
46735168,1995
46737952,1903
46740652,2045
46743264,1996
46746064,2079
46748764,1926
46751552,1980
46754256,1933
46756968,2209
46759664,1947
46762460,1948
46765164,2005
46767952,1952
46770652,2103
46773356,1999
46775960,2230
46778664,2109
46781456,2086
46784164,1914
46786856,1955
46789560,2154
46792264,1891
46795060,1969
46797756,1934
46800540,2094
46803264,1920
46805960,1969
46808752,1917
46811456,2066
46814160,1963
46816956,1886
46819660,2127
46822360,2144
46825156,2005
46827856,2140
46830552,1839
46833256,1915
46835956,2127
46838652,1863
46841356,1883
46844060,1990
46846664,2106
46849460,2199
46852164,1988
46854952,2130
46857560,2196
46860340,2310
46863064,2236
46865756,1904
46868464,2136
46871240,1907
46873964,1915
46876660,1954
46879456,1880
46882160,1982
46884852,2158
46887556,2225
46890260,2144
46892956,1910
46895660,2183
46898456,1967
46901164,2130
46903852,1820
46906556,2245
46909252,1958
46911956,1989
46914660,2270
46917356,1956
46919964,2185
46922760,2207
46925360,1917
46928156,2125
46930864,1926
46933568,1886
46936352,2225
46939040,1971
46941752,1955
46944456,1894
46947164,2103
46949940,1980
46952652,2245
46955360,2208
46958052,2130
46960760,2003
46963456,1948
46966156,2121
46968956,1934
46971652,2131
46974356,2055
46977060,2123
46979756,2003
46982460,1913
46985152,1989
46987856,1917
46990560,2199
46993260,1947
46996052,2147
46998756,1927
47001456,2125
47004160,2130
47006956,2019
47009664,1998
47012364,2251
47015152,1895
47017860,2226
47020556,2233
47023260,1955
47025956,21